,external_author_id,author,content,region,language,publish_date,harvested_date,following,followers,updates,post_type,account_type,retweet,account_category,new_june_2018,alt_external_id,tweet_id,article_url,tco1_step1,tco2_step1,tco3_step1
26826,2494112058,DAILYSANJOSE,Santa Clara: Hearing set for suit to halt NFL's Super Bowl takeover of youth soccer field  #SanJose,United States,English,1/1/2016 0:07,1/1/2016 0:07,3331,10372,11562,,local,0,NewsFeed,1,2494112058,682714784526041088,http://twitter.com/DailySanJose/statuses/682714784526041088,,,
26827,2494112058,DAILYSANJOSE,#sports TCU Player Hits Officer: Police,United States,English,1/1/2016 0:33,1/1/2016 0:34,3331,10373,11563,,local,0,NewsFeed,1,2494112058,682721367658082304,http://twitter.com/DailySanJose/statuses/682721367658082304,,,
26828,2494112058,DAILYSANJOSE,#sports San Jose Sharks taking form under Pete DeBoer,United States,English,1/1/2016 0:46,1/1/2016 0:46,3331,10373,11564,,local,0,NewsFeed,1,2494112058,682724461687091200,http://twitter.com/DailySanJose/statuses/682724461687091200,,,
26829,2494112058,DAILYSANJOSE,#sports Thompson: Warriors learn from Curry's absence,United States,English,1/1/2016 13:28,1/1/2016 13:29,3332,10375,11579,,local,0,NewsFeed,1,2494112058,682916428526170112,http://twitter.com/DailySanJose/statuses/682916428526170112,,,
26830,2494112058,DAILYSANJOSE,#SanJose Nothing Says 'New Year' Better Than Roasted Pig,United States,English,1/1/2016 15:05,1/1/2016 15:07,3332,10376,11580,,local,0,NewsFeed,1,2494112058,682940837446062081,http://twitter.com/DailySanJose/statuses/682940837446062081,,,
26831,2494112058,DAILYSANJOSE,"#health 4 New Year's spa treatments, from Tibetan singing bowls to birch leaf swatting",United States,English,1/1/2016 15:55,1/1/2016 15:56,3332,10377,11581,,local,0,NewsFeed,1,2494112058,682953406961422336,http://twitter.com/DailySanJose/statuses/682953406961422336,,,
26832,2494112058,DAILYSANJOSE,#SanJose New Year Brings New Laws: From Beer Tasting to Hoverboards,United States,English,1/1/2016 16:40,1/1/2016 16:40,3332,10377,11582,,local,0,NewsFeed,1,2494112058,682964612526952449,http://twitter.com/DailySanJose/statuses/682964612526952449,,,
26833,2494112058,DAILYSANJOSE,Stanford bringing gene editing to patients with deadly diseases  #SanJose,United States,English,1/1/2016 18:06,1/1/2016 18:06,3332,10377,11583,,local,0,NewsFeed,1,2494112058,682986334433054720,http://twitter.com/DailySanJose/statuses/682986334433054720,,,
26834,2494112058,DAILYSANJOSE,#sports Raiders Face Streaking Chiefs in Hostile Environment,United States,English,1/1/2016 18:08,1/1/2016 18:08,3332,10377,11584,,local,0,NewsFeed,1,2494112058,682986711534665728,http://twitter.com/DailySanJose/statuses/682986711534665728,,,
26835,2494112058,DAILYSANJOSE,#sports Oakland Raiders building through draft,United States,English,1/1/2016 18:19,1/1/2016 18:20,3332,10377,11585,,local,0,NewsFeed,1,2494112058,682989659975073792,http://twitter.com/DailySanJose/statuses/682989659975073792,,,
26836,2494112058,DAILYSANJOSE,#health Stanford bringing gene editing to patients with deadly diseases,United States,English,1/1/2016 19:09,1/1/2016 19:09,3332,10379,11586,,local,0,NewsFeed,1,2494112058,683002015480299520,http://twitter.com/DailySanJose/statuses/683002015480299520,,,
26837,2494112058,DAILYSANJOSE,#sports TCU Player Hits Officer: Police,United States,English,1/1/2016 19:48,1/1/2016 19:49,3332,10380,11587,,local,0,NewsFeed,1,2494112058,683011963098513408,http://twitter.com/DailySanJose/statuses/683011963098513408,,,
26838,2494112058,DAILYSANJOSE,#SanJose Gilroy City Council Will Appoint New Mayor,United States,English,1/1/2016 19:59,1/1/2016 19:59,3332,10380,11588,,local,0,NewsFeed,1,2494112058,683014747931807744,http://twitter.com/DailySanJose/statuses/683014747931807744,,,
26839,2494112058,DAILYSANJOSE,San Jose: Man dies after jumping from Highway 101 overpass  #SanJose,United States,English,1/1/2016 1:42,1/1/2016 1:42,3331,10373,11565,,local,0,NewsFeed,1,2494112058,682738693057032192,http://twitter.com/DailySanJose/statuses/682738693057032192,,,
26840,2494112058,DAILYSANJOSE,#SanJose Soccer League Wants Control of Fields Near Levi's During SB50,United States,English,1/1/2016 1:48,1/1/2016 1:48,3331,10373,11566,,local,0,NewsFeed,1,2494112058,682740137885736960,http://twitter.com/DailySanJose/statuses/682740137885736960,,,
26841,2494112058,DAILYSANJOSE,#sports Raiders will carry momentum into offseason,United States,English,1/1/2016 21:29,1/1/2016 21:29,3332,10380,11589,,local,0,NewsFeed,1,2494112058,683037439322009600,http://twitter.com/DailySanJose/statuses/683037439322009600,,,
26842,2494112058,DAILYSANJOSE,#SanJose Family of Three Escapes to Safety During Vallejo Fire,United States,English,1/1/2016 21:33,1/1/2016 21:33,3332,10380,11590,,local,0,NewsFeed,1,2494112058,683038417286860800,http://twitter.com/DailySanJose/statuses/683038417286860800,,,
26843,2494112058,DAILYSANJOSE,#politics Santa Clara County seeks $64 million to expand homeless services,United States,English,1/1/2016 22:33,1/1/2016 22:33,3332,10380,11591,,local,0,NewsFeed,1,2494112058,683053515703373824,http://twitter.com/DailySanJose/statuses/683053515703373824,,,
26844,2494112058,DAILYSANJOSE,Santa Clara County seeks $64 million to expand homeless services  #SanJose,United States,English,1/1/2016 22:49,1/1/2016 22:50,3332,10380,11592,,local,0,NewsFeed,1,2494112058,683057589798608896,http://twitter.com/DailySanJose/statuses/683057589798608896,,,
26845,2494112058,DAILYSANJOSE,#politics Skywriters Scold 'Disgusting' Donald Trump Over LA,United States,English,1/1/2016 23:01,1/1/2016 23:01,3332,10380,11594,,local,0,NewsFeed,1,2494112058,683060525647790080,http://twitter.com/DailySanJose/statuses/683060525647790080,,,
26846,2494112058,DAILYSANJOSE,#sports Carly Fiorina sacrifices Stanford alma mater for Iowa votes,United States,English,1/1/2016 23:01,1/1/2016 23:01,3332,10380,11593,,local,0,NewsFeed,1,2494112058,683060401920069632,http://twitter.com/DailySanJose/statuses/683060401920069632,,,
26847,2494112058,DAILYSANJOSE,#sports 49ers' Hayne 'excited' about future in NFL,United States,English,1/1/2016 3:05,1/1/2016 3:05,3331,10373,11567,,local,0,NewsFeed,1,2494112058,682759398075174912,http://twitter.com/DailySanJose/statuses/682759398075174912,,,
26848,2494112058,DAILYSANJOSE,San Jose: Traffic deaths highlight worst public-safety trend in 2015; overall crime sees modest rise  #SanJose,United States,English,1/1/2016 4:01,1/1/2016 4:01,3331,10374,11568,,local,0,NewsFeed,1,2494112058,682773535392059392,http://twitter.com/DailySanJose/statuses/682773535392059392,,,
26849,2494112058,DAILYSANJOSE,#SanJose Massive Cargo Ship Arrives at Port of Oakland,United States,English,1/1/2016 4:07,1/1/2016 4:07,3331,10373,11569,,local,0,NewsFeed,1,2494112058,682775198517477376,http://twitter.com/DailySanJose/statuses/682775198517477376,,,
26850,2494112058,DAILYSANJOSE,#sports Sports digest: Santa Clara women win 12th straight,United States,English,1/1/2016 4:12,1/1/2016 4:12,3331,10373,11570,,local,0,NewsFeed,1,2494112058,682776324147036161,http://twitter.com/DailySanJose/statuses/682776324147036161,,,
26851,2494112058,DAILYSANJOSE,#politics O'Malley Fails to Qualify for Ohio Ballot,United States,English,1/1/2016 5:12,1/1/2016 5:12,3331,10373,11571,,local,0,NewsFeed,1,2494112058,682791389692821504,http://twitter.com/DailySanJose/statuses/682791389692821504,,,
26852,2494112058,DAILYSANJOSE,#sports College Football Playoff: Alabama shuts out Michigan State,United States,English,1/1/2016 5:19,1/1/2016 5:19,3331,10373,11572,,local,0,NewsFeed,1,2494112058,682793285358764032,http://twitter.com/DailySanJose/statuses/682793285358764032,,,
26853,2494112058,DAILYSANJOSE,#sports College football: TCU's Boykin charged with felony assault,United States,English,1/1/2016 6:31,1/1/2016 6:32,3331,10374,11573,,local,0,NewsFeed,1,2494112058,682811486306045952,http://twitter.com/DailySanJose/statuses/682811486306045952,,,
26854,2494112058,DAILYSANJOSE,#SanJose Year in Review: Top Bay Area Stories from 2015,United States,English,1/1/2016 7:47,1/1/2016 7:47,3332,10375,11574,,local,0,NewsFeed,1,2494112058,682830451489157120,http://twitter.com/DailySanJose/statuses/682830451489157120,,,
26855,2494112058,DAILYSANJOSE,#sports Saint Mary's men cruise past BYU,United States,English,1/1/2016 7:48,1/1/2016 7:48,3332,10375,11575,,local,0,NewsFeed,1,2494112058,682830789004795904,http://twitter.com/DailySanJose/statuses/682830789004795904,,,
26856,2494112058,DAILYSANJOSE,#health Dr. Blonz: New woe after quitting smoking,United States,English,1/1/2016 8:23,1/1/2016 8:24,3332,10375,11576,,local,0,NewsFeed,1,2494112058,682839659861282817,http://twitter.com/DailySanJose/statuses/682839659861282817,,,
26857,2494112058,DAILYSANJOSE,"#politics New California laws mandate vaccinations for schoolchildren, boost minimum wage to $10",United States,English,1/1/2016 8:37,1/1/2016 8:37,3332,10375,11577,,local,0,NewsFeed,1,2494112058,682842992357449728,http://twitter.com/DailySanJose/statuses/682842992357449728,,,
26858,2494112058,DAILYSANJOSE,#sports Molotov Cocktails at Strip Club,United States,English,1/1/2016 8:54,1/1/2016 8:54,3332,10375,11578,,local,0,NewsFeed,1,2494112058,682847291070283777,http://twitter.com/DailySanJose/statuses/682847291070283777,,,
49071,1660804459,DAMANIMILES,RT @PearlfectPoison: *1867 RT @MsTosciMarie: Y'all was suppose to be leaving chitlins in 2000.,United States,English,1/1/2016 19:00,1/1/2016 19:00,350,131,710,RETWEET,Left,1,LeftTroll,0,1660804459,682999803442237445,http://twitter.com/DamaniMiles/statuses/682999803442237445,,,
116869,2571870453,DETROITDAILYNEW,Spartans in position to stick among nation’s elite: Spartans in position to stick among nation’s eli... https://t.co/YCqM61gMiI #breaking,United States,English,1/1/2016 0:11,1/1/2016 0:11,8325,14953,17908,,local,0,NewsFeed,0,2571870453,682715725706874880,http://twitter.com/DetroitDailyNew/statuses/682715725706874880,http://bit.ly/1R2oAgv,,
116870,2571870453,DETROITDAILYNEW,"Watson, Clemson dominate Oklahoma: Clemson is headed to the national championship game with a still-... https://t.co/uWMkh85Xyx #breaking",United States,English,1/1/2016 11:19,1/1/2016 11:19,8323,14946,17923,,local,0,NewsFeed,0,2571870453,682883890248159233,http://twitter.com/DetroitDailyNew/statuses/682883890248159233,http://bit.ly/1VtN9Bw,,
116871,2571870453,DETROITDAILYNEW,"Wojo: Spartans smacked with reality they're not yet elite: The Spartans knew they had room to grow, ... https://t.co/JlFi6tVnhO #breaking",United States,English,1/1/2016 12:48,1/1/2016 12:48,8887,14951,17924,,local,0,NewsFeed,0,2571870453,682906241937457152,http://twitter.com/DetroitDailyNew/statuses/682906241937457152,http://bit.ly/1R3NuvW,,
116872,2571870453,DETROITDAILYNEW,'We didn't get it done': Alabama swamps Michigan State: No. 2 Alabama broke open a tight game late i... https://t.co/QzeJAgNjYn #breaking,United States,English,1/1/2016 12:53,1/1/2016 12:53,8887,14951,17925,,local,0,NewsFeed,0,2571870453,682907419635105792,http://twitter.com/DetroitDailyNew/statuses/682907419635105792,http://bit.ly/1mo1y6K,,
116873,2571870453,DETROITDAILYNEW,"Wayne Rogers, Trapper John on 'M.A.S.H.,' dies at 82  #entertainment",United States,English,1/1/2016 12:59,1/1/2016 12:59,8887,14951,17926,,local,0,NewsFeed,0,2571870453,682908907946119170,http://twitter.com/DetroitDailyNew/statuses/682908907946119170,,,
116874,2571870453,DETROITDAILYNEW,Live updates: Michigan vs. Florida: You can follow the action here with updates throughout the game ... https://t.co/d1tgRWqopS #breaking,United States,English,1/1/2016 14:29,1/1/2016 14:29,8887,14964,17927,,local,0,NewsFeed,0,2571870453,682931651400175616,http://twitter.com/DetroitDailyNew/statuses/682931651400175616,http://bit.ly/1R416Y8,,
116875,2571870453,DETROITDAILYNEW,Public tours offered at soon-to-shutter coal plant  #news,United States,English,1/1/2016 15:34,1/1/2016 15:34,8884,14975,17928,,local,0,NewsFeed,0,2571870453,682948056422068224,http://twitter.com/DetroitDailyNew/statuses/682948056422068224,,,
116876,2571870453,DETROITDAILYNEW,"3 charged in fatal shooting at Eastland Mall: Brendon Stanton-Lipscomb, 18, Demetrius Armour, 17, an... https://t.co/dzVfb6Fmih #breaking",United States,English,1/1/2016 16:02,1/1/2016 16:03,8900,14978,17929,,local,0,NewsFeed,0,2571870453,682955164655857664,http://twitter.com/DetroitDailyNew/statuses/682955164655857664,http://bit.ly/1P5zNGG,,
116877,2571870453,DETROITDAILYNEW,"Resolve to love Michigan in January: From art exhibits to beer festivals, Michigan offers fun J... https://t.co/6TLUlEoZGk #Detroit #news",United States,English,1/1/2016 16:15,1/1/2016 16:15,8900,14980,17930,,local,0,NewsFeed,0,2571870453,682958345989308416,http://twitter.com/DetroitDailyNew/statuses/682958345989308416,http://bit.ly/1RecYFo,,
116878,2571870453,DETROITDAILYNEW,Eastland shooting suspects charged in Wayne County  #news,United States,English,1/1/2016 17:09,1/1/2016 17:09,8899,14984,17931,,local,0,NewsFeed,0,2571870453,682971992476135424,http://twitter.com/DetroitDailyNew/statuses/682971992476135424,,,
116879,2571870453,DETROITDAILYNEW,"Jabrill Peppers warming up; still uncertain if he'll play: When the ball was thrown his way, he caug... https://t.co/4ODLvjaMsi #breaking",United States,English,1/1/2016 17:37,1/1/2016 17:38,8899,14985,17932,,local,0,NewsFeed,0,2571870453,682979079801339905,http://twitter.com/DetroitDailyNew/statuses/682979079801339905,http://bit.ly/1movxf1,,
116880,2571870453,DETROITDAILYNEW,Proposed rule would boost ban on pay-or-jail sentences  #politics,United States,English,1/1/2016 17:55,1/1/2016 17:55,8898,14987,17933,,local,0,NewsFeed,0,2571870453,682983394502782977,http://twitter.com/DetroitDailyNew/statuses/682983394502782977,,,
116881,2571870453,DETROITDAILYNEW,Live updates: Rudock hits Chesson for big TD: You can follow the action here with updates throughout... https://t.co/Oahd14lLZj #breaking,United States,English,1/1/2016 19:16,1/1/2016 19:16,8897,14991,17934,,local,0,NewsFeed,0,2571870453,683003766409265154,http://twitter.com/DetroitDailyNew/statuses/683003766409265154,http://bit.ly/1UkBCU0,,
116882,2571870453,DETROITDAILYNEW,NYE's D Drop  #entertainment,United States,English,1/1/2016 19:24,1/1/2016 19:24,8897,14991,17935,,local,0,NewsFeed,0,2571870453,683005850965835777,http://twitter.com/DetroitDailyNew/statuses/683005850965835777,,,
116883,2571870453,DETROITDAILYNEW,Michigan vs. Florida: Run game needs to find its legs: Angelique S. Chengelis breaks down Friday's M... https://t.co/Ejc8F0z1o7 #breaking,United States,English,1/1/2016 1:26,1/1/2016 1:26,8323,14951,17909,,local,0,NewsFeed,0,2571870453,682734529442787328,http://twitter.com/DetroitDailyNew/statuses/682734529442787328,http://bit.ly/1P3NsOp,,
116884,2571870453,DETROITDAILYNEW,Woman dies in early morning New Year's Day crash  #news,United States,English,1/1/2016 20:20,1/1/2016 20:20,8897,14993,17936,,local,0,NewsFeed,0,2571870453,683020041944616960,http://twitter.com/DetroitDailyNew/statuses/683020041944616960,,,
116885,2571870453,DETROITDAILYNEW,Completing U.S.-Mexico wall would be daunting task: Unlike other famous barriers such as the Berlin ... https://t.co/D6AoDfVB1I #breaking,United States,English,1/1/2016 20:52,1/1/2016 20:52,8897,14994,17937,,local,0,NewsFeed,0,2571870453,683028058341683201,http://twitter.com/DetroitDailyNew/statuses/683028058341683201,http://bit.ly/1VuWsRR,,
116886,2571870453,DETROITDAILYNEW,Resolution Ball 2016 at the Fillmore Detroit  #entertainment,United States,English,1/1/2016 20:58,1/1/2016 20:58,8897,14995,17938,,local,0,NewsFeed,0,2571870453,683029581385695233,http://twitter.com/DetroitDailyNew/statuses/683029581385695233,,,
116887,2571870453,DETROITDAILYNEW,Introducing Mason Dallas Stewart: 1st baby of 2016  #news,United States,English,1/1/2016 21:57,1/1/2016 21:57,8897,15000,17939,,local,0,NewsFeed,0,2571870453,683044318936870912,http://twitter.com/DetroitDailyNew/statuses/683044318936870912,,,
116888,2571870453,DETROITDAILYNEW,"3 arraigned in fatal shooting at Eastland Mall: Brendon Stanton-Lipscomb, 18, Demetrius Armour, 17, ... https://t.co/JlxikZlpiy #breaking",United States,English,1/1/2016 23:59,1/2/2016 0:00,8895,15004,17940,,local,0,NewsFeed,0,2571870453,683075223348842496,http://twitter.com/DetroitDailyNew/statuses/683075223348842496,http://bit.ly/1ReYtAY,,
116889,2571870453,DETROITDAILYNEW,Kids having fun New Year's Eve in the D  #news,United States,English,1/1/2016 2:14,1/1/2016 2:16,8323,14951,17910,,local,0,NewsFeed,0,2571870453,682746807462400000,http://twitter.com/DetroitDailyNew/statuses/682746807462400000,,,
116890,2571870453,DETROITDAILYNEW,Austin likely to be in line for head coaching jobs: Lions defensive coordinator was the runner-up fo... https://t.co/6EnEeQHAe5 #breaking,United States,English,1/1/2016 2:34,1/1/2016 2:34,8323,14950,17911,,local,0,NewsFeed,0,2571870453,682751713195896832,http://twitter.com/DetroitDailyNew/statuses/682751713195896832,http://bit.ly/1Uj61Ce,,
116891,2571870453,DETROITDAILYNEW,Neighbor worries that neighbor has mental illness: Ask whether there’s someone you can contact ... https://t.co/Og2kZr5wfN #Detroit #news,United States,English,1/1/2016 3:32,1/1/2016 3:32,8324,14949,17913,,local,0,NewsFeed,0,2571870453,682766288855252994,http://twitter.com/DetroitDailyNew/statuses/682766288855252994,http://bit.ly/1YSvxVr,,
116892,2571870453,DETROITDAILYNEW,Live updates: 'Bama takes commanding lead to open 2nd half: The Spartans got some help from the Alab... https://t.co/J84ahLAgOV #breaking,United States,English,1/1/2016 3:43,1/1/2016 3:44,8324,14948,17914,,local,0,NewsFeed,0,2571870453,682769070207270912,http://twitter.com/DetroitDailyNew/statuses/682769070207270912,http://bit.ly/1YSwhtC,,
116893,2571870453,DETROITDAILYNEW,Obama-Seinfeld show: ‘Comedians in Cars Getting Coffee’ airs  #entertainment,United States,English,1/1/2016 3:49,1/1/2016 3:49,8324,14948,17915,,local,0,NewsFeed,0,2571870453,682770578990698496,http://twitter.com/DetroitDailyNew/statuses/682770578990698496,,,
116894,2571870453,DETROITDAILYNEW,You say you want a resolution? 10 for entertainment fans  #entertainment,United States,English,1/1/2016 4:57,1/1/2016 4:57,8324,14946,17917,,local,0,NewsFeed,0,2571870453,682787631822839808,http://twitter.com/DetroitDailyNew/statuses/682787631822839808,,,
116895,2571870453,DETROITDAILYNEW,Times Square ball's #BallLivesMatter outrages Twitter  #news,United States,English,1/1/2016 5:40,1/1/2016 5:40,8324,14946,17918,,local,0,NewsFeed,0,2571870453,682798586740879360,http://twitter.com/DetroitDailyNew/statuses/682798586740879360,,,
116896,2571870453,DETROITDAILYNEW,Alabama swamps MSU 38-0 at the Cotton Bowl:          https://t.co/bPOpYI0m8j #breaking,United States,English,1/1/2016 6:02,1/1/2016 6:02,8324,14946,17919,,local,0,NewsFeed,0,2571870453,682804038560186368,http://twitter.com/DetroitDailyNew/statuses/682804038560186368,http://bit.ly/1NW3Brw,,
116897,2571870453,DETROITDAILYNEW,"DNR fights invasive species, big and small  #politics",United States,English,1/1/2016 6:13,1/1/2016 6:13,8324,14946,17920,,local,0,NewsFeed,0,2571870453,682806865093234689,http://twitter.com/DetroitDailyNew/statuses/682806865093234689,,,
116898,2571870453,DETROITDAILYNEW,Cook sick over 1st-half pick; says he’s healthy: That interception just before halftime of Thursday ... https://t.co/dRTpD4yz50 #breaking,United States,English,1/1/2016 7:16,1/1/2016 7:16,8323,14945,17921,,local,0,NewsFeed,0,2571870453,682822763954843649,http://twitter.com/DetroitDailyNew/statuses/682822763954843649,http://bit.ly/1P4xFyY,,
116899,2571870453,DETROITDAILYNEW,MSU's Jack Conklin talks about loss to Alabama and his future: MSU's Jack Conklin talks about loss t... https://t.co/Hte1mhGKQe #breaking,United States,English,1/1/2016 8:30,1/1/2016 8:30,8323,14945,17922,,local,0,NewsFeed,0,2571870453,682841229806075904,http://twitter.com/DetroitDailyNew/statuses/682841229806075904,http://bit.ly/1R3fYpG,,
150690,2997392589,DONETSKNOVOSTI,"Нефть выше $50, Асад остается, Меркель уходит: прогноз на 2016 год https://t.co/9NTT2LhYQE",Ukraine,Russian,1/1/2016 14:21,1/1/2016 14:21,1709,13637,3815,,Russian,0,NonEnglish,1,2997392589,682929726856417281,http://twitter.com/DonetskNovosti/statuses/682929726856417281,http://bit.ly/1mobflz,,
150691,2997392589,DONETSKNOVOSTI,Обретение информационного суверенитета: ограничена доля участия иностранных акционеров в российских СМИ https://t.co/kGklo8m3EO,Ukraine,Russian,1/1/2016 2:18,1/1/2016 2:21,1709,13637,3803,,Russian,0,NonEnglish,1,2997392589,682747784110313472,http://twitter.com/DonetskNovosti/statuses/682747784110313472,http://bit.ly/1mmW3W7,,
266429,1658420976,BAOBAEHAM,How celebrities spent New Year’s Eve https://t.co/SlieLd958B https://t.co/x4FQg0NbLK,United States,English,1/1/2016 18:47,1/1/2016 18:48,400,156,767,RETWEET,Left,1,LeftTroll,0,1658420976,682996708062695428,http://twitter.com/BaoBaeHam/statuses/682996708062695428,https://twitter.com/RollingOut/status/682989688869662720/photo/1,http://bit.ly/1kyaip3,
266430,1658420976,BAOBAEHAM,"Gospel music--shit, maybe music in general--wouldn't be the genius that it is without the blaqueer imagination.",United States,English,1/1/2016 18:47,1/1/2016 18:47,400,156,765,RETWEET,Left,1,LeftTroll,0,1658420976,682996651049508868,http://twitter.com/BaoBaeHam/statuses/682996651049508868,,,
266431,1658420976,BAOBAEHAM,"Pusha T's first act as GOOD Music president should be hanging out with Kanye in the studio and telling him ""Nope.""",United States,English,1/1/2016 18:48,1/1/2016 18:48,400,156,768,RETWEET,Left,1,LeftTroll,0,1658420976,682996737095630853,http://twitter.com/BaoBaeHam/statuses/682996737095630853,,,
274885,3091979410,BATONROUGEVOICE,"Jrue Holiday no longer on minute restrictions, Alvin Gentry says  #sports",United States,English,1/1/2016 0:29,1/1/2016 0:29,1755,1787,12218,,local,0,NewsFeed,0,3091979410,682720304360128512,http://twitter.com/BatonRougeVoice/statuses/682720304360128512,,,
274886,3091979410,BATONROUGEVOICE,Marshall Faulk says LSU asks a lot from Leonard Fournette: 'I hope they get him some help'  #sports,United States,English,1/1/2016 0:30,1/1/2016 0:31,1755,1787,12219,,local,0,NewsFeed,0,3091979410,682720639954755584,http://twitter.com/BatonRougeVoice/statuses/682720639954755584,,,
274887,3091979410,BATONROUGEVOICE,"New Orleans Pelicans vs. Los Angeles Clippers, live updates and fan chat  #sports",United States,English,1/1/2016 0:45,1/1/2016 0:45,1755,1787,12220,,local,0,NewsFeed,0,3091979410,682724188843446273,http://twitter.com/BatonRougeVoice/statuses/682724188843446273,,,
274888,3091979410,BATONROUGEVOICE,"LSU targets, commits react to Kevin Steele's move to Auburn  #sports",United States,English,1/1/2016 0:59,1/1/2016 0:59,1754,1787,12221,,local,0,NewsFeed,0,3091979410,682727864068784128,http://twitter.com/BatonRougeVoice/statuses/682727864068784128,,,
274889,3091979410,BATONROUGEVOICE,"Ole Miss vs. Oklahoma State: TV channel, time and live stream for Sugar Bowl  #sports",United States,English,1/1/2016 12:28,1/1/2016 12:29,1753,1789,12229,,local,0,NewsFeed,0,3091979410,682901318621499393,http://twitter.com/BatonRougeVoice/statuses/682901318621499393,,,
274890,3091979410,BATONROUGEVOICE,New Orleans Saints vs. Atlanta Falcons: Staff picks  #sports,United States,English,1/1/2016 13:34,1/1/2016 13:34,1753,1789,12230,,local,0,NewsFeed,0,3091979410,682917724914204672,http://twitter.com/BatonRougeVoice/statuses/682917724914204672,,,
274891,3091979410,BATONROUGEVOICE,2016 Crystal Ball: Jeff Duncan sees another wild year in sports  #sports,United States,English,1/1/2016 14:29,1/1/2016 14:30,1753,1788,12231,,local,0,NewsFeed,0,3091979410,682931765879570433,http://twitter.com/BatonRougeVoice/statuses/682931765879570433,,,
274892,3091979410,BATONROUGEVOICE,Who are the athletes to watch in 2016?  #sports,United States,English,1/1/2016 14:31,1/1/2016 14:31,1753,1788,12232,,local,0,NewsFeed,0,3091979410,682932073624018944,http://twitter.com/BatonRougeVoice/statuses/682932073624018944,,,
274893,3091979410,BATONROUGEVOICE,"Who will win Sunday between New Orleans Saints, Atlanta Falcons? (Poll)  #sports",United States,English,1/1/2016 15:30,1/1/2016 15:30,1753,1789,12233,,local,0,NewsFeed,0,3091979410,682946932298256384,http://twitter.com/BatonRougeVoice/statuses/682946932298256384,,,
274894,3091979410,BATONROUGEVOICE,Watch end of LSU radio voice Jim Hawthorne's final football broadcast  #news,United States,English,1/1/2016 15:38,1/1/2016 15:39,1753,1789,12234,,local,0,NewsFeed,0,3091979410,682949145074651137,http://twitter.com/BatonRougeVoice/statuses/682949145074651137,,,
274895,3091979410,BATONROUGEVOICE,Watch end of LSU radio voice Jim Hawthorne's final football broadcast  #sports,United States,English,1/1/2016 15:39,1/1/2016 15:39,1753,1789,12235,,local,0,NewsFeed,0,3091979410,682949160887160832,http://twitter.com/BatonRougeVoice/statuses/682949160887160832,,,
274896,3091979410,BATONROUGEVOICE,5-star linebacker Rahshaun Smith will be a Tiger... but where?  #sports,United States,English,1/1/2016 15:43,1/1/2016 15:43,1753,1789,12236,,local,0,NewsFeed,0,3091979410,682950370901938180,http://twitter.com/BatonRougeVoice/statuses/682950370901938180,,,
274897,3091979410,BATONROUGEVOICE,4-star linebacker Keion Joyner set to choose between LSU and Florida State  #sports,United States,English,1/1/2016 15:54,1/1/2016 15:54,1753,1789,12237,,local,0,NewsFeed,0,3091979410,682952922674511872,http://twitter.com/BatonRougeVoice/statuses/682952922674511872,,,
274898,3091979410,BATONROUGEVOICE,5 Under Armour All-America Game prospects Drake Davis wants on his college team  #sports,United States,English,1/1/2016 16:26,1/1/2016 16:26,1753,1789,12238,,local,0,NewsFeed,0,3091979410,682961037658701824,http://twitter.com/BatonRougeVoice/statuses/682961037658701824,,,
274899,3091979410,BATONROUGEVOICE,New Orleans Pelicans limit Chris Paul until fourth quarter: video highlights  #sports,United States,English,1/1/2016 17:30,1/1/2016 17:30,1753,1789,12239,,local,0,NewsFeed,0,3091979410,682977297306025985,http://twitter.com/BatonRougeVoice/statuses/682977297306025985,,,
274900,3091979410,BATONROUGEVOICE,Leonard Fournette bowl game and season review: Film study  #news,United States,English,1/1/2016 17:43,1/1/2016 17:43,1753,1789,12240,,local,0,NewsFeed,0,3091979410,682980543785336832,http://twitter.com/BatonRougeVoice/statuses/682980543785336832,,,
274901,3091979410,BATONROUGEVOICE,LSU senior Keith Hornsby says team enters SEC play with a 'good vibe' \| Video  #sports,United States,English,1/1/2016 17:57,1/1/2016 17:57,1753,1789,12241,,local,0,NewsFeed,0,3091979410,682983964445769728,http://twitter.com/BatonRougeVoice/statuses/682983964445769728,,,
274902,3091979410,BATONROUGEVOICE,Tim Quarterman says fresh start is a chance for LSU to get season redirected \| Video  #sports,United States,English,1/1/2016 17:57,1/1/2016 17:58,1753,1789,12242,,local,0,NewsFeed,0,3091979410,682984101834428416,http://twitter.com/BatonRougeVoice/statuses/682984101834428416,,,
274903,3091979410,BATONROUGEVOICE,Louisiana's Under Armour All-Americans take the mic: Watch what happens  #sports,United States,English,1/1/2016 18:06,1/1/2016 18:06,1753,1789,12243,,local,0,NewsFeed,0,3091979410,682986179608760321,http://twitter.com/BatonRougeVoice/statuses/682986179608760321,,,
274904,3091979410,BATONROUGEVOICE,Under Armour All-America Game Future 50 Experience: Live updates  #sports,United States,English,1/1/2016 18:31,1/1/2016 18:31,1753,1789,12244,,local,0,NewsFeed,0,3091979410,682992547698876416,http://twitter.com/BatonRougeVoice/statuses/682992547698876416,,,
274905,3091979410,BATONROUGEVOICE,Leonard Fournette in position for LSU's first individual NCAA rushing title  #news,United States,English,1/1/2016 18:37,1/1/2016 18:37,1753,1789,12245,,local,0,NewsFeed,0,3091979410,682993975817416704,http://twitter.com/BatonRougeVoice/statuses/682993975817416704,,,
274906,3091979410,BATONROUGEVOICE,LSU target Michael Divinity will announce college decision Saturday  #sports,United States,English,1/1/2016 18:43,1/1/2016 18:44,1753,1789,12246,,local,0,NewsFeed,0,3091979410,682995682823639040,http://twitter.com/BatonRougeVoice/statuses/682995682823639040,,,
274907,3091979410,BATONROUGEVOICE,"Conference play opens at Vanderbilt, giving LSU a chance to head in the right direction: Chalk talk  #sports",United States,English,1/1/2016 19:25,1/1/2016 19:26,1753,1789,12247,,local,0,NewsFeed,0,3091979410,683006240906063872,http://twitter.com/BatonRougeVoice/statuses/683006240906063872,,,
274908,3091979410,BATONROUGEVOICE,"New Orleans Pelicans start new year with fading playoff hopes, lingering execution problems  #sports",United States,English,1/1/2016 19:40,1/1/2016 19:40,1753,1789,12248,,local,0,NewsFeed,0,3091979410,683009984796340224,http://twitter.com/BatonRougeVoice/statuses/683009984796340224,,,
274909,3091979410,BATONROUGEVOICE,"New laws in 2016 show states are diverging on guns, voting  #politics",United States,English,1/1/2016 19:56,1/1/2016 19:56,1753,1790,12249,,local,0,NewsFeed,0,3091979410,683013957947244544,http://twitter.com/BatonRougeVoice/statuses/683013957947244544,,,
274910,3091979410,BATONROUGEVOICE,"Orange Bowl: Deshaun Watson piles up 332 yards as Clemson beats Oklahoma, 37-17  #sports",United States,English,1/1/2016 1:10,1/1/2016 1:11,1754,1787,12222,,local,0,NewsFeed,0,3091979410,682730681030475776,http://twitter.com/BatonRougeVoice/statuses/682730681030475776,,,
274911,3091979410,BATONROUGEVOICE,"New Orleans Saints' Marques Colston, Terron Armstead miss open portion of Friday's practice  #sports",United States,English,1/1/2016 20:06,1/1/2016 20:06,1753,1790,12250,,local,0,NewsFeed,0,3091979410,683016503113809920,http://twitter.com/BatonRougeVoice/statuses/683016503113809920,,,
274912,3091979410,BATONROUGEVOICE,"New Orleans Pelicans at Dallas Mavericks game preview, breakdown  #sports",United States,English,1/1/2016 20:18,1/1/2016 20:18,1753,1790,12251,,local,0,NewsFeed,0,3091979410,683019592545906688,http://twitter.com/BatonRougeVoice/statuses/683019592545906688,,,
274913,3091979410,BATONROUGEVOICE,Johnny Jones explains Tim Quarterman's role in LSU lineup  #sports,United States,English,1/1/2016 21:27,1/1/2016 21:27,1753,1790,12252,,local,0,NewsFeed,0,3091979410,683036870834401280,http://twitter.com/BatonRougeVoice/statuses/683036870834401280,,,
274914,3091979410,BATONROUGEVOICE,"Jefferson Davis statue in New Orleans vandalized, TV station says  #politics",United States,English,1/1/2016 21:45,1/1/2016 21:46,1753,1790,12253,,local,0,NewsFeed,0,3091979410,683041500872065024,http://twitter.com/BatonRougeVoice/statuses/683041500872065024,,,
274915,3091979410,BATONROUGEVOICE,"Dylan Moses boots LSU from top 5, waiting for Tigers to 'get their stuff together'  #sports",United States,English,1/1/2016 21:52,1/1/2016 21:52,1753,1790,12254,,local,0,NewsFeed,0,3091979410,683043021579894784,http://twitter.com/BatonRougeVoice/statuses/683043021579894784,,,
274916,3091979410,BATONROUGEVOICE,"New Orleans Saints' Marques Colston, Dannell Ellerbe declared out vs. Falcons  #sports",United States,English,1/1/2016 21:59,1/1/2016 21:59,1753,1790,12255,,local,0,NewsFeed,0,3091979410,683044940675301377,http://twitter.com/BatonRougeVoice/statuses/683044940675301377,,,
274917,3091979410,BATONROUGEVOICE,Sean Payton on what Saints must do to complete sweep of Falcons \| Video  #sports,United States,English,1/1/2016 22:10,1/1/2016 22:11,1753,1790,12256,,local,0,NewsFeed,0,3091979410,683047773751517184,http://twitter.com/BatonRougeVoice/statuses/683047773751517184,,,
274918,3091979410,BATONROUGEVOICE,"With Jalyn Patterson back in action, LSU has a quietly valuable piece in place  #sports",United States,English,1/1/2016 22:27,1/1/2016 22:28,1753,1790,12257,,local,0,NewsFeed,0,3091979410,683052057750679552,http://twitter.com/BatonRougeVoice/statuses/683052057750679552,,,
274919,3091979410,BATONROUGEVOICE,"St. Charles Parish president sued over dumpsters, website reports  #politics",United States,English,1/1/2016 22:45,1/1/2016 22:45,1745,1790,12258,,local,0,NewsFeed,0,3091979410,683056384582103041,http://twitter.com/BatonRougeVoice/statuses/683056384582103041,,,
274920,3091979410,BATONROUGEVOICE,Police investigate attempted armed robbery and shooting  https://t.co/KPZXO3YgTI https://t.co/rw3waemX9i,United States,English,1/1/2016 23:31,1/1/2016 23:31,1666,1790,12259,,local,0,NewsFeed,0,3091979410,683068022966190082,http://twitter.com/BatonRougeVoice/statuses/683068022966190082,https://twitter.com/BatonRougeVoice/status/683068022966190082/photo/1,http://bit.ly/1PBUEUQ,
274921,3091979410,BATONROUGEVOICE,New Orleans Saints trying to avoid 1st 10-loss season since 2005  #sports,United States,English,1/1/2016 23:37,1/1/2016 23:37,1657,1790,12260,,local,0,NewsFeed,0,3091979410,683069624800301060,http://twitter.com/BatonRougeVoice/statuses/683069624800301060,,,
274922,3091979410,BATONROUGEVOICE,Natalie Cole dead at 65: R&B singer was daughter of Nat King Cole   https://t.co/Y0WkH5G1ZQ https://t.co/4I2aV8urFJ,United States,English,1/1/2016 23:38,1/1/2016 23:38,1656,1790,12261,,local,0,NewsFeed,0,3091979410,683069876286574593,http://twitter.com/BatonRougeVoice/statuses/683069876286574593,https://twitter.com/BatonRougeVoice/status/683069876286574593/photo/1,http://nydn.us/1TtUxeT,
274923,3091979410,BATONROUGEVOICE,Vanderbilt's Wade Baldwin is a player LSU has to be wary of: Know the foe  #sports,United States,English,1/1/2016 23:45,1/1/2016 23:45,1644,1791,12262,,local,0,NewsFeed,0,3091979410,683071493731778560,http://twitter.com/BatonRougeVoice/statuses/683071493731778560,,,
274924,3091979410,BATONROUGEVOICE,Obama to act next week on gun background checks: source  #politics,United States,English,1/1/2016 3:35,1/1/2016 3:35,1754,1787,12223,,local,0,NewsFeed,0,3091979410,682766951937015808,http://twitter.com/BatonRougeVoice/statuses/682766951937015808,,,
274925,3091979410,BATONROUGEVOICE,"Anthony Davis held to 14 points, Pelicans lose to Los Angeles Clippers, 95-89  #sports",United States,English,1/1/2016 3:38,1/1/2016 3:38,1754,1787,12224,,local,0,NewsFeed,0,3091979410,682767828341018624,http://twitter.com/BatonRougeVoice/statuses/682767828341018624,,,
274926,3091979410,BATONROUGEVOICE,"LSU wide receiver John Diarse will transfer, school confirms  #sports",United States,English,1/1/2016 4:14,1/1/2016 4:14,1754,1787,12225,,local,0,NewsFeed,0,3091979410,682776865975566340,http://twitter.com/BatonRougeVoice/statuses/682776865975566340,,,
274927,3091979410,BATONROUGEVOICE,"Cotton Bowl: Alabama crushes Michigan State, 38-0, to advance to title game  #sports",United States,English,1/1/2016 5:10,1/1/2016 5:10,1754,1788,12226,,local,0,NewsFeed,0,3091979410,682790919892897792,http://twitter.com/BatonRougeVoice/statuses/682790919892897792,,,
274928,3091979410,BATONROUGEVOICE,What the Los Angeles Clippers said after their 95-89 win against the New Orleans Pelicans  #sports,United States,English,1/1/2016 6:18,1/1/2016 6:19,1754,1788,12227,,local,0,NewsFeed,0,3091979410,682808206347776001,http://twitter.com/BatonRougeVoice/statuses/682808206347776001,,,
274929,3091979410,BATONROUGEVOICE,What the New Orleans Pelicans had to say after their 95-89 loss to the Los Angeles Clippers  #sports,United States,English,1/1/2016 6:23,1/1/2016 6:24,1754,1788,12228,,local,0,NewsFeed,0,3091979410,682809462348881920,http://twitter.com/BatonRougeVoice/statuses/682809462348881920,,,
331693,1868810166,BIGBOYSNEED,I'd quit. Fuck that holiday pay RT @thisgirlLC: Omg no RT @TracyABC13: Dillard's shoe department #icant https://t.co/QkX0NjCLBa,United States,English,1/1/2016 18:27,1/1/2016 18:27,300,114,609,RETWEET,Left,1,LeftTroll,0,1868810166,682991619054899200,http://twitter.com/BigBoySneed/statuses/682991619054899200,https://twitter.com/TracyABC13/status/682989449169350656/photo/1,,
331694,1868810166,BIGBOYSNEED,'@akacharleswade She was a such a legend! I grew up to her music. I'm so heartbroken �',United States,English,1/1/2016 18:27,1/1/2016 18:27,300,114,608,RETWEET,Left,1,LeftTroll,0,1868810166,682991596212715520,http://twitter.com/BigBoySneed/statuses/682991596212715520,,,
350711,4178313619,BLACKEYEBLOG,Happy New Year! I wish 2016 to be a year of changes!,United States,English,1/1/2016 5:00,1/1/2016 5:00,4740,1636,670,,Left,0,LeftTroll,0,4178313619,682788383744118784,http://twitter.com/BlackEyeBlog/statuses/682788383744118784,,,
378057,1685173321,BLMSOLDIER,very sad about natalie cole. this is for everyone who has to call their mom now. https://t.co/tjnUivuGHS,United States,English,1/1/2016 18:57,1/1/2016 18:58,524,186,569,RETWEET,Left,1,LeftTroll,0,1685173321,682999219301429249,http://twitter.com/BLMSoldier/statuses/682999219301429249,http://themuse.jezebel.com/natalie-cole-r-b-icon-has-died-1750592371,,
378058,1685173321,BLMSOLDIER,That Natalie Cole news just knocked the wind out of me.,United States,English,1/1/2016 18:58,1/1/2016 18:58,524,186,571,RETWEET,Left,1,LeftTroll,0,1685173321,682999276708823040,http://twitter.com/BLMSoldier/statuses/682999276708823040,,,
378059,1685173321,BLMSOLDIER,"Natalie Cole, Grammy Award-winning singer, dead at 65 https://t.co/OCx27jZkSb https://t.co/osR6kvZUNM",United States,English,1/1/2016 18:58,1/1/2016 18:58,524,186,570,RETWEET,Left,1,LeftTroll,0,1685173321,682999248854462464,http://twitter.com/BLMSoldier/statuses/682999248854462464,https://twitter.com/nytimes/status/682988597264412672/photo/1,http://nyti.ms/1JjKV6f,
378060,1685173321,BLMSOLDIER,James Surowiecki selects the five most important business stories of 2015: https://t.co/mQqCQqEh5J,United States,English,1/1/2016 18:58,1/1/2016 18:58,524,186,574,RETWEET,Left,1,LeftTroll,0,1685173321,682999363589701633,http://twitter.com/BLMSoldier/statuses/682999363589701633,http://nyer.cm/i8v462J,,
378061,1685173321,BLMSOLDIER,RT @PearlfectPoison: *1867 RT @MsTosciMarie: Y'all was suppose to be leaving chitlins in 2000.,United States,English,1/1/2016 18:58,1/1/2016 18:58,524,186,572,RETWEET,Left,1,LeftTroll,0,1685173321,682999309449576448,http://twitter.com/BLMSoldier/statuses/682999309449576448,,,
378062,1685173321,BLMSOLDIER,"Real fucking tears, man. https://t.co/WAaNUjBrvd",United States,English,1/1/2016 18:58,1/1/2016 18:58,524,186,573,RETWEET,Left,1,LeftTroll,0,1685173321,682999331863969792,http://twitter.com/BLMSoldier/statuses/682999331863969792,https://twitter.com/thr/status/682981120007389184,,
414436,1868496344,BRIANAREGLAND,'@akacharleswade She was a such a legend! I grew up to her music. I'm so heartbroken �',United States,English,1/1/2016 18:32,1/1/2016 18:32,401,205,576,RETWEET,Left,1,LeftTroll,0,1868496344,682992695476793344,http://twitter.com/brianaregland/statuses/682992695476793344,,,
414437,1868496344,BRIANAREGLAND,Reports: Awful ratings for CFB playoff games on ESPN last night even worse than most pessimistic projections https://t.co/o1zCriSzNz,United States,English,1/1/2016 18:32,1/1/2016 18:32,401,205,577,RETWEET,Left,1,LeftTroll,0,1868496344,682992725386371073,http://twitter.com/brianaregland/statuses/682992725386371073,http://deadsp.in/HdCy6In,,
427541,1850866398,BRICEGELLER,"""Don't say, ""the sky is my limit"", say, ""I progress ad infinitum."" Michael Bassey Johnson https://t.co/lZXkHGDLcd https://t.co/HiKMjN7TGT",United States,English,1/1/2016 19:02,1/1/2016 19:02,486,205,646,RETWEET,Left,1,LeftTroll,0,1850866398,683000418838777856,http://twitter.com/BriceGeller/statuses/683000418838777856,http://ow.ly/i/fBDrz,http://ow.ly/Ww4eX,
427542,1850866398,BRICEGELLER,Reports: Awful ratings for CFB playoff games on ESPN last night even worse than most pessimistic projections https://t.co/o1zCriSzNz,United States,English,1/1/2016 19:02,1/1/2016 19:02,486,205,645,RETWEET,Left,1,LeftTroll,0,1850866398,683000395480698880,http://twitter.com/BriceGeller/statuses/683000395480698880,http://deadsp.in/HdCy6In,,
447255,2670490950,BYDRBRE,"Когда меня спрашивают, что будешь делать 1 января  https://t.co/kBCVpqv3KJ",Unknown,Russian,1/1/2016 11:19,1/1/2016 12:04,2546,30603,12485,,Russian,0,NonEnglish,0,2670490950,682883890642567168,http://twitter.com/byDrBre/statuses/682883890642567168,https://twitter.com/gifsvideo/status/682875177009573888/photo/1,,
447256,2670490950,BYDRBRE,"Речь Путина:Любите,берегите родителей,помните историю своей страны Речь Порошенко:Россия,Россия,Россия,агрессоры,война,Героям слава! Занавес",Unknown,Russian,1/1/2016 12:45,1/1/2016 13:36,2589,30616,12485,,Russian,0,NonEnglish,0,2670490950,682905551567753216,http://twitter.com/byDrBre/statuses/682905551567753216,,,
447257,2670490950,BYDRBRE,"Власти Украины решили,что в Новый год,под бой часов,их граждане должны смотреть на флаг ЕС,а не на флаг своей страны https://t.co/cvJ3enklYK",Unknown,Russian,1/1/2016 16:09,1/1/2016 16:12,2670,30645,12487,,Russian,0,NonEnglish,0,2670490950,682956898279256064,http://twitter.com/byDrBre/statuses/682956898279256064,https://twitter.com/byDrBre/status/682956898279256064/photo/1,,
447258,2670490950,BYDRBRE,Я сегодня  https://t.co/bbUlqD7eSE,Unknown,Russian,1/1/2016 7:00,1/1/2016 10:52,2504,30599,12484,,Russian,0,NonEnglish,0,2670490950,682818598679650305,http://twitter.com/byDrBre/statuses/682818598679650305,https://twitter.com/gifsvideo/status/681878609057988608/photo/1,,
462637,3081712448,CAMDENCITYNEWS,Welcome to the big house! Take our quiz on high-profile homes in N.J.,United States,English,1/1/2016 17:16,1/30/2016 1:33,2288,2541,178,,local,0,NewsFeed,1,3081712448,682973656486576128,http://twitter.com/CamdenCityNews/statuses/682973656486576128,,,
462638,3081712448,CAMDENCITYNEWS,Missing person – Nino Ragin  https://t.co/3M4sN3yClw https://t.co/8YXZ5VkYgB,United States,Uzbek,1/1/2016 23:42,1/1/2016 23:43,2202,2543,179,,local,0,NewsFeed,1,3081712448,683070925483319296,http://twitter.com/CamdenCityNews/statuses/683070925483319296,https://twitter.com/CamdenCityNews/status/683070925483319296/photo/1,http://bit.ly/1RVxTyA,
533662,1676377446,CHADSLOYER,Reports: Awful ratings for CFB playoff games on ESPN last night even worse than most pessimistic projections https://t.co/o1zCriSzNz,United States,English,1/1/2016 19:00,1/1/2016 19:01,432,226,595,RETWEET,Left,1,LeftTroll,0,1676377446,682999975685545985,http://twitter.com/ChadSloyer/statuses/682999975685545985,http://deadsp.in/HdCy6In,,
533663,1676377446,CHADSLOYER,James Surowiecki selects the five most important business stories of 2015: https://t.co/mQqCQqEh5J,United States,English,1/1/2016 19:01,1/1/2016 19:01,432,226,600,RETWEET,Left,1,LeftTroll,0,1676377446,683000105583144960,http://twitter.com/ChadSloyer/statuses/683000105583144960,http://nyer.cm/i8v462J,,
533664,1676377446,CHADSLOYER,God is a comedian playing to an audience too afraid to laugh. -- Voltaire Écrasez l'infâme #ParisAttacks,United States,English,1/1/2016 19:01,1/1/2016 19:01,432,226,601,RETWEET,Left,1,LeftTroll,0,1676377446,683000126831505409,http://twitter.com/ChadSloyer/statuses/683000126831505409,,,
533665,1676377446,CHADSLOYER,None you weirdo RT @liddozulux: Whos your future daughter https://t.co/obwYa04rTL,United States,English,1/1/2016 19:01,1/1/2016 19:01,432,226,596,RETWEET,Left,1,LeftTroll,0,1676377446,683000003481223169,http://twitter.com/ChadSloyer/statuses/683000003481223169,https://twitter.com/liddozulux/status/682732968599670784/photo/1,,
533666,1676377446,CHADSLOYER,"Real fucking tears, man. https://t.co/WAaNUjBrvd",United States,English,1/1/2016 19:01,1/1/2016 19:01,432,226,599,RETWEET,Left,1,LeftTroll,0,1676377446,683000081709150208,http://twitter.com/ChadSloyer/statuses/683000081709150208,https://twitter.com/thr/status/682981120007389184,,
572353,3084537402,CHESTERCITYNEWS,President Obama To Announce New Executive Action On Guns To Expand Background Checks  https://t.co/6rdinmmaKE https://t.co/0bZVVnVG1b,United States,English,1/1/2016 23:48,1/1/2016 23:48,2022,2114,113,,local,0,NewsFeed,1,3084537402,683072320072581120,http://twitter.com/ChesterCityNews/statuses/683072320072581120,https://twitter.com/ChesterCityNews/status/683072320072581120/photo/1,http://bit.ly/1R0MQ27,
572354,3084537402,CHESTERCITYNEWS,Motherhood Resolutions for 2016  https://t.co/P7IfX2uFoQ https://t.co/LN1pQx8vqa,United States,English,1/1/2016 23:52,1/1/2016 23:52,2022,2114,114,,local,0,NewsFeed,1,3084537402,683073355495260160,http://twitter.com/ChesterCityNews/statuses/683073355495260160,https://twitter.com/ChesterCityNews/status/683073355495260160/photo/1,http://bit.ly/1Sr848V,
573120,2547141851,CHICAGODAILYNEW,#Breaking Divvy raises rates for annual bike-share membership https://t.co/A6kqOkMr3N,United States,English,1/1/2016 0:04,1/1/2016 0:04,11397,14931,36156,,local,0,NewsFeed,0,2547141851,682714038904557568,http://twitter.com/ChicagoDailyNew/statuses/682714038904557568,http://bit.ly/1mSVsvg,,
573121,2547141851,CHICAGODAILYNEW,Chi-Town Rising Star By the Numbers https://t.co/ksLzpFYPwG #Chicago,United States,English,1/1/2016 0:58,1/1/2016 0:58,11397,14930,36157,,local,0,NewsFeed,0,2547141851,682727619230478336,http://twitter.com/ChicagoDailyNew/statuses/682727619230478336,http://bit.ly/1QZLmpg,,
573122,2547141851,CHICAGODAILYNEW,"1 dead, 7 wounded in New Year’s weekend shootings https://t.co/IblWcnqdcn",United States,English,1/1/2016 10:57,1/1/2016 10:58,11397,14934,36171,,local,0,NewsFeed,0,2547141851,682878420515033093,http://twitter.com/ChicagoDailyNew/statuses/682878420515033093,http://bit.ly/1R3wF4j,,
573123,2547141851,CHICAGODAILYNEW,"#Breaking 1 dead, 1 injured in Dan Ryan crash https://t.co/MUVlt7p3AH",United States,English,1/1/2016 11:14,1/1/2016 11:14,11397,14934,36172,,local,0,NewsFeed,0,2547141851,682882611459440640,http://twitter.com/ChicagoDailyNew/statuses/682882611459440640,http://bit.ly/1UjPoWU,,
573124,2547141851,CHICAGODAILYNEW,"1 dead, 1 injured in Dan Ryan crash https://t.co/J360vQa2Jr",United States,English,1/1/2016 12:29,1/1/2016 12:29,12053,14941,36173,,local,0,NewsFeed,0,2547141851,682901386384642048,http://twitter.com/ChicagoDailyNew/statuses/682901386384642048,http://bit.ly/1R3LaVP,,
573125,2547141851,CHICAGODAILYNEW,Cook County’s first baby born at 12:01 a.m. on New Year’s Day https://t.co/HjJuZrfQga,United States,English,1/1/2016 14:04,1/1/2016 14:04,12053,14947,36174,,local,0,NewsFeed,0,2547141851,682925315040002048,http://twitter.com/ChicagoDailyNew/statuses/682925315040002048,http://bit.ly/1Uk4bB6,,
573126,2547141851,CHICAGODAILYNEW,Person on tracks halts Red Line trains on North Side https://t.co/EzllcfrzrX,United States,English,1/1/2016 15:40,1/1/2016 15:40,12053,14958,36175,,local,0,NewsFeed,0,2547141851,682949516941594624,http://twitter.com/ChicagoDailyNew/statuses/682949516941594624,http://bit.ly/1Re7wlJ,,
573127,2547141851,CHICAGODAILYNEW,Protesters Hit Rahm Emanuel Pinata at City Hall https://t.co/aG26PAWlKQ #Chicago,United States,English,1/1/2016 16:32,1/1/2016 16:32,12138,14968,36176,,local,0,NewsFeed,0,2547141851,682962701165838336,http://twitter.com/ChicagoDailyNew/statuses/682962701165838336,http://bit.ly/1VsMwrW,,
573128,2547141851,CHICAGODAILYNEW,"Natalie Cole, Grammy winning singer, daughter of Nat “King” Cole, dies https://t.co/f5CYrcll8k",United States,English,1/1/2016 17:18,1/1/2016 17:18,12138,14975,36177,,local,0,NewsFeed,0,2547141851,682974129960517632,http://twitter.com/ChicagoDailyNew/statuses/682974129960517632,http://bit.ly/1R4pg4K,,
573129,2547141851,CHICAGODAILYNEW,#Breaking Motorist dead following West Side crash https://t.co/Rx4HbAnren,United States,English,1/1/2016 17:29,1/1/2016 17:29,12138,14975,36178,,local,0,NewsFeed,0,2547141851,682976924298153986,http://twitter.com/ChicagoDailyNew/statuses/682976924298153986,http://bit.ly/1P5Kjxw,,
573130,2547141851,CHICAGODAILYNEW,It's a Girl! Cook County's First Baby of 2016 https://t.co/hnBvL7NEZB #Chicago,United States,English,1/1/2016 18:13,1/1/2016 18:13,12137,14985,36179,,local,0,NewsFeed,0,2547141851,682987940616613888,http://twitter.com/ChicagoDailyNew/statuses/682987940616613888,http://bit.ly/1ReoX5y,,
573131,2547141851,CHICAGODAILYNEW,Derrick Rose could start off the new year sidelined with a hamstring injury https://t.co/mt4V2vJKdC,United States,English,1/1/2016 18:55,1/1/2016 18:55,12136,14988,36180,,local,0,NewsFeed,0,2547141851,682998697265729536,http://twitter.com/ChicagoDailyNew/statuses/682998697265729536,http://bit.ly/1R4CcI5,,
573132,2547141851,CHICAGODAILYNEW,"#Breaking Newborns arrive early into the new year at Park Ridge, Evanston hospitals https://t.co/e4g0LCCV3p",United States,English,1/1/2016 19:07,1/1/2016 19:09,12135,14991,36181,,local,0,NewsFeed,0,2547141851,683001696679665664,http://twitter.com/ChicagoDailyNew/statuses/683001696679665664,http://bit.ly/1R4qOf2,,
573133,2547141851,CHICAGODAILYNEW,Woman Fights off Attacker in Batavia: Police https://t.co/oxNJ1LSpuo #Chicago,United States,English,1/1/2016 19:54,1/1/2016 19:54,12135,14992,36182,,local,0,NewsFeed,0,2547141851,683013345901809666,http://twitter.com/ChicagoDailyNew/statuses/683013345901809666,http://bit.ly/1VuPDzE,,
573134,2547141851,CHICAGODAILYNEW,Clemson advances to CFP Championship https://t.co/YRUAJmUCTr,United States,English,1/1/2016 1:06,1/1/2016 1:06,11397,14930,36158,,local,0,NewsFeed,0,2547141851,682729540532084736,http://twitter.com/ChicagoDailyNew/statuses/682729540532084736,http://bit.ly/1mmMiXY,,
573135,2547141851,CHICAGODAILYNEW,#Breaking Activists protest again outside Mayor Emanuel's house https://t.co/CW3J2KYNVN,United States,English,1/1/2016 1:18,1/1/2016 1:19,11397,14930,36159,,local,0,NewsFeed,0,2547141851,682732702005477376,http://twitter.com/ChicagoDailyNew/statuses/682732702005477376,http://bit.ly/1mmNJFP,,
573136,2547141851,CHICAGODAILYNEW,Illinois National Guard soldiers sent downstate to help with flooding https://t.co/zNml1SjRzQ,United States,English,1/1/2016 20:30,1/1/2016 20:30,12135,14992,36183,,local,0,NewsFeed,0,2547141851,683022525131931648,http://twitter.com/ChicagoDailyNew/statuses/683022525131931648,http://bit.ly/1R4M6t7,,
573137,2547141851,CHICAGODAILYNEW,#Breaking Des Plaines man missing for 2 weeks found in good condition at local motel https://t.co/Drz3Vn4M66,United States,English,1/1/2016 20:44,1/1/2016 20:44,12134,14993,36184,,local,0,NewsFeed,0,2547141851,683026055838355456,http://twitter.com/ChicagoDailyNew/statuses/683026055838355456,http://bit.ly/1UkL7m1,,
573138,2547141851,CHICAGODAILYNEW,Five displaced in New Year’s Day fire in Greater Grand Crossing https://t.co/FiH7ZakICL,United States,English,1/1/2016 22:06,1/1/2016 22:06,12135,14998,36185,,local,0,NewsFeed,0,2547141851,683046660537073664,http://twitter.com/ChicagoDailyNew/statuses/683046660537073664,http://bit.ly/1ReMhAc,,
573139,2547141851,CHICAGODAILYNEW,WATCH: Minn. Man Saves Deer Stuck in Frozen River https://t.co/ZA6YoPpaEN #Chicago,United States,English,1/1/2016 23:02,1/1/2016 23:02,12135,15000,36186,,local,0,NewsFeed,0,2547141851,683060821828603904,http://twitter.com/ChicagoDailyNew/statuses/683060821828603904,http://bit.ly/1ReSlJ1,,
573140,2547141851,CHICAGODAILYNEW,Police: Man assaulted woman at Batavia apartment complex https://t.co/Hn2L7oJnNG,United States,English,1/1/2016 23:40,1/1/2016 23:40,12135,15003,36187,,local,0,NewsFeed,0,2547141851,683070271461306368,http://twitter.com/ChicagoDailyNew/statuses/683070271461306368,http://bit.ly/1OyhWaT,,
573141,2547141851,CHICAGODAILYNEW,Bears believe Adam Gase has right makeup to be a head coach https://t.co/UzjWIjCG20,United States,English,1/1/2016 2:17,1/1/2016 2:17,11398,14931,36160,,local,0,NewsFeed,0,2547141851,682747403984744448,http://twitter.com/ChicagoDailyNew/statuses/682747403984744448,http://bit.ly/1Vt2xhu,,
573142,2547141851,CHICAGODAILYNEW,#Breaking 1 wounded in South Side shooting https://t.co/iXtDgtGzjb,United States,English,1/1/2016 2:28,1/1/2016 2:28,11398,14931,36161,,local,0,NewsFeed,0,2547141851,682750127061090304,http://twitter.com/ChicagoDailyNew/statuses/682750127061090304,http://bit.ly/1mmXhAu,,
573143,2547141851,CHICAGODAILYNEW,City Releases Emails on Laquan McDonald Shooting https://t.co/E6xXmr1XZw #Chicago,United States,English,1/1/2016 3:17,1/1/2016 3:17,11398,14930,36162,,local,0,NewsFeed,0,2547141851,682762508881408001,http://twitter.com/ChicagoDailyNew/statuses/682762508881408001,http://bit.ly/1R2H1kW,,
573144,2547141851,CHICAGODAILYNEW,"Wayne Rogers, Trapper John on ‘M.A.S.H.,’ dies at 82 https://t.co/kxvHqqyye9",United States,English,1/1/2016 3:26,1/1/2016 3:26,11398,14930,36163,,local,0,NewsFeed,0,2547141851,682764866935885824,http://twitter.com/ChicagoDailyNew/statuses/682764866935885824,http://bit.ly/1NVM2YH,,
573145,2547141851,CHICAGODAILYNEW,"Jonathan Toews with another OT winner: ‘He’s clutch, man’ https://t.co/MgpEBt0LA1",United States,English,1/1/2016 4:34,1/1/2016 4:34,11397,14931,36164,,local,0,NewsFeed,0,2547141851,682781989942906880,http://twitter.com/ChicagoDailyNew/statuses/682781989942906880,http://bit.ly/1YSA8Hb,,
573146,2547141851,CHICAGODAILYNEW,#Breaking New emails show Emanuel City Hall scramble on McDonald shooting https://t.co/VRoE2Gjmcq,United States,English,1/1/2016 4:47,1/1/2016 4:47,11397,14931,36165,,local,0,NewsFeed,0,2547141851,682785157187645440,http://twitter.com/ChicagoDailyNew/statuses/682785157187645440,http://bit.ly/1Vtesft,,
573147,2547141851,CHICAGODAILYNEW,Man wounded in Washington Park shooting https://t.co/i6tpiP0P8y,United States,English,1/1/2016 5:44,1/1/2016 5:45,11397,14931,36166,,local,0,NewsFeed,0,2547141851,682799653373394944,http://twitter.com/ChicagoDailyNew/statuses/682799653373394944,http://bit.ly/1mnkVNr,,
573148,2547141851,CHICAGODAILYNEW,Your Selfies: #ChiTownRising https://t.co/mWZVQfpJO1 #Chicago,United States,English,1/1/2016 6:51,1/1/2016 6:51,11397,14933,36167,,local,0,NewsFeed,0,2547141851,682816346191564800,http://twitter.com/ChicagoDailyNew/statuses/682816346191564800,http://bit.ly/1RcZN7m,,
573149,2547141851,CHICAGODAILYNEW,"Flooding forces evacuations, causes traffic troubles in Missouri, Illinois https://t.co/HY1SdenlkQ",United States,English,1/1/2016 6:59,1/1/2016 6:59,11397,14933,36168,,local,0,NewsFeed,0,2547141851,682818468182278145,http://twitter.com/ChicagoDailyNew/statuses/682818468182278145,http://bit.ly/1NW96GD,,
573150,2547141851,CHICAGODAILYNEW,#Breaking Revelers brave cold for inaugural Chi-Town Rising celebration https://t.co/Jgs0knGMXe,United States,English,1/1/2016 8:27,1/1/2016 8:27,11398,14933,36170,,local,0,NewsFeed,0,2547141851,682840643547172865,http://twitter.com/ChicagoDailyNew/statuses/682840643547172865,http://bit.ly/1R3fyQi,,
629924,1626302035,CLAYPAIGEBOO,very sad about natalie cole. this is for everyone who has to call their mom now. https://t.co/tjnUivuGHS,United States,English,1/1/2016 19:04,1/1/2016 19:04,506,191,695,RETWEET,Left,1,LeftTroll,0,1626302035,683000853339312129,http://twitter.com/ClayPaigeBoo/statuses/683000853339312129,http://themuse.jezebel.com/natalie-cole-r-b-icon-has-died-1750592371,,
629925,1626302035,CLAYPAIGEBOO,That Natalie Cole news just knocked the wind out of me.,United States,English,1/1/2016 19:04,1/1/2016 19:04,506,191,697,RETWEET,Left,1,LeftTroll,0,1626302035,683000903557775360,http://twitter.com/ClayPaigeBoo/statuses/683000903557775360,,,
629926,1626302035,CLAYPAIGEBOO,"Oh Lord, Conservatives think Bill Clinton is running in 2016.",United States,English,1/1/2016 19:04,1/1/2016 19:04,506,191,698,RETWEET,Left,1,LeftTroll,0,1626302035,683000924118237184,http://twitter.com/ClayPaigeBoo/statuses/683000924118237184,,,
629927,1626302035,CLAYPAIGEBOO,Conversing w/ @DrDLStewart I'm thinking of the multitude of positive & creative things that wouldn't exist if not 4 the blaqueer imagination,United States,English,1/1/2016 19:04,1/1/2016 19:04,506,191,696,RETWEET,Left,1,LeftTroll,0,1626302035,683000874373746688,http://twitter.com/ClayPaigeBoo/statuses/683000874373746688,,,
631338,2491401030,CLIFTONHUGHES_,How celebrities spent New Year’s Eve https://t.co/SlieLd958B https://t.co/x4FQg0NbLK,United States,English,1/1/2016 18:24,1/1/2016 18:24,405,143,476,RETWEET,Left,1,LeftTroll,0,2491401030,682990857486774272,http://twitter.com/CliftonHughes_/statuses/682990857486774272,https://twitter.com/RollingOut/status/682989688869662720/photo/1,http://bit.ly/1kyaip3,
631339,2491401030,CLIFTONHUGHES_,My best RTs this week came from: @MichaelAWoodJr @HommedePaix1 @UTZAAKE @dierdrelewis #thankSAll Who were yours? https://t.co/OevLn6o0Uq,United States,English,1/1/2016 18:24,1/1/2016 18:25,405,143,478,RETWEET,Left,1,LeftTroll,0,2491401030,682990911643586560,http://twitter.com/CliftonHughes_/statuses/682990911643586560,http://sumall.com/thankyou,,
631340,2491401030,CLIFTONHUGHES_,Conversing w/ @DrDLStewart I'm thinking of the multitude of positive & creative things that wouldn't exist if not 4 the blaqueer imagination,United States,English,1/1/2016 18:24,1/1/2016 18:24,405,143,474,RETWEET,Left,1,LeftTroll,0,2491401030,682990812678991872,http://twitter.com/CliftonHughes_/statuses/682990812678991872,,,
631341,2491401030,CLIFTONHUGHES_,"Natalie Cole, Grammy Award-winning singer, dead at 65 https://t.co/OCx27jZkSb https://t.co/osR6kvZUNM",United States,English,1/1/2016 18:24,1/1/2016 18:24,405,143,475,RETWEET,Left,1,LeftTroll,0,2491401030,682990834208391170,http://twitter.com/CliftonHughes_/statuses/682990834208391170,https://twitter.com/nytimes/status/682988597264412672/photo/1,http://nyti.ms/1JjKV6f,
631342,2491401030,CLIFTONHUGHES_,"Here's to a year filled with peace, hope and blessings! https://t.co/DUzJaLAv4J",United States,English,1/1/2016 18:24,1/1/2016 18:24,405,143,473,RETWEET,Left,1,LeftTroll,0,2491401030,682990791871037440,http://twitter.com/CliftonHughes_/statuses/682990791871037440,https://twitter.com/flytetymejam/status/682990102218330113/photo/1,,
631343,2491401030,CLIFTONHUGHES_,Natalie And Nippy up in heaven like... https://t.co/cVdFmf0jqC,United States,English,1/1/2016 18:24,1/1/2016 18:24,405,143,477,RETWEET,Left,1,LeftTroll,0,2491401030,682990887983562752,http://twitter.com/CliftonHughes_/statuses/682990887983562752,https://twitter.com/jrbland/status/682986448828690432/photo/1,,
634417,2351739462,COLDWAR20_RU,Тест на зрение для чиновников https://t.co/H5CuQe4aud,United States,Ukrainian,1/1/2016 22:58,1/1/2016 22:58,4249,30249,29676,RETWEET,Russian,1,NonEnglish,0,2351739462,683059677622616065,http://twitter.com/coldwar20_ru/statuses/683059677622616065,https://twitter.com/USEmbHell/status/683056657946001408/photo/1,,
638525,1240007161,COMRADZAMPOLIT,"Жители Крыма отказались от поставок энергии на условиях Украины. После взрыва ЛЭП неудивительно, что люди отказались...",Iraq,Russian,1/1/2016 13:45,1/1/2016 14:12,695,30509,15605,,Russian,0,NonEnglish,0,1240007161,682920629151084548,http://twitter.com/ComradZampolit/statuses/682920629151084548,,,
648138,1711063908,COOKIIIEEESSSS,Reports: Awful ratings for CFB playoff games on ESPN last night even worse than most pessimistic projections https://t.co/o1zCriSzNz,United States,English,1/1/2016 19:03,1/1/2016 19:03,713,165,779,RETWEET,Left,1,LeftTroll,0,1711063908,683000585566593024,http://twitter.com/cookiiieeessss/statuses/683000585566593024,http://deadsp.in/HdCy6In,,
648139,1711063908,COOKIIIEEESSSS,"Rich Televangelist: God Only Talks To Me On Private Jets So Please Give Me Money, Thank You https://t.co/Cj3XkHKeoV https://t.co/n54GhaM7Jp",United States,English,1/1/2016 19:03,1/1/2016 19:03,713,165,781,RETWEET,Left,1,LeftTroll,0,1711063908,683000653732397057,http://twitter.com/cookiiieeessss/statuses/683000653732397057,https://twitter.com/Anomaly100/status/682957130471751680/photo/1,http://freakoutnation.com/2016/01/rich-televangelist-god-only-talks-to-me-on-private-jets-so-please-give-me-money-thank-you/,
648140,1711063908,COOKIIIEEESSSS,What cheese???? https://t.co/kBSHv8VvbB,United States,English,1/1/2016 19:03,1/1/2016 19:03,713,165,782,RETWEET,Left,1,LeftTroll,0,1711063908,683000687530098688,http://twitter.com/cookiiieeessss/statuses/683000687530098688,https://twitter.com/THINGDUMBPPLSAY/status/681550774367694848/photo/1,,
658503,1863956756,CORYNAENAE,I'd quit. Fuck that holiday pay RT @thisgirlLC: Omg no RT @TracyABC13: Dillard's shoe department #icant https://t.co/QkX0NjCLBa,United States,English,1/1/2016 18:37,1/1/2016 18:37,423,158,526,RETWEET,Left,1,LeftTroll,0,1863956756,682994034512560128,http://twitter.com/CoryNaeNae/statuses/682994034512560128,https://twitter.com/TracyABC13/status/682989449169350656/photo/1,,
707355,2624554209,DAILYLOSANGELES,#breaking #LA Runner is struck by car along Rose Parade route https://t.co/VWvmqiOf18,United States,English,1/1/2016 15:12,1/1/2016 15:12,8445,13838,7621,,local,0,NewsFeed,0,2624554209,682942530464301056,http://twitter.com/DailyLosAngeles/statuses/682942530464301056,http://lat.ms/1Ox8ft7,,
707356,2624554209,DAILYLOSANGELES,"Sheriff's officials: Four dead in Rowland Heights shooting, including gunman shot by son  #crime",United States,English,1/1/2016 16:56,1/1/2016 16:56,8445,13837,7622,,local,0,NewsFeed,0,2624554209,682968555378245632,http://twitter.com/DailyLosAngeles/statuses/682968555378245632,,,
707357,2624554209,DAILYLOSANGELES,"American moms set new record for twin births, CDC says  #science",United States,English,1/1/2016 18:48,1/1/2016 18:48,8445,13839,7623,,local,0,NewsFeed,0,2624554209,682996796273000449,http://twitter.com/DailyLosAngeles/statuses/682996796273000449,,,
707358,2624554209,DAILYLOSANGELES,#breaking #LA 'Trump is disgusting' skywriting at end of Rose Parade https://t.co/sngGxHOmoi,United States,English,1/1/2016 20:04,1/1/2016 20:04,8445,13839,7624,,local,0,NewsFeed,0,2624554209,683015875323023360,http://twitter.com/DailyLosAngeles/statuses/683015875323023360,http://lat.ms/1R4JcET,,
707359,2624554209,DAILYLOSANGELES,"#breaking #LA Five killed, including 7-year-old boy, after out-of-control car veers off 10 Freeway https://t.co/LR8rnJbZyF",United States,English,1/1/2016 23:10,1/1/2016 23:10,8446,13841,7625,,local,0,NewsFeed,0,2624554209,683062769449439233,http://twitter.com/DailyLosAngeles/statuses/683062769449439233,http://lat.ms/1UkwnUr,,
707360,2624554209,DAILYLOSANGELES,#breaking #LA Watch the Rose Parade live with The Times https://t.co/VD2as2Hh5G,United States,English,1/1/2016 4:16,1/1/2016 4:16,8449,13835,7618,,local,0,NewsFeed,0,2624554209,682777283900252160,http://twitter.com/DailyLosAngeles/statuses/682777283900252160,http://lat.ms/1P4b8Cc,,
707361,2624554209,DAILYLOSANGELES,"At least one killed, others wounded in Rowland Heights shooting  #crime",United States,English,1/1/2016 8:13,1/1/2016 8:13,8447,13834,7619,,local,0,NewsFeed,0,2624554209,682837124115070976,http://twitter.com/DailyLosAngeles/statuses/682837124115070976,,,
707362,2624554209,DAILYLOSANGELES,"2-car crash in Ontario kills 5, including a 6-year-old boy  #crime",United States,English,1/1/2016 9:32,1/1/2016 9:32,8447,13835,7620,,local,0,NewsFeed,0,2624554209,682856892301848576,http://twitter.com/DailyLosAngeles/statuses/682856892301848576,,,
724665,2630842499,DAILYSANDIEGO,"Despite fears and huge Dubai fire, New Year revelry rolls on  #politics",United States,English,1/1/2016 0:38,1/1/2016 0:38,7034,12204,10341,,local,0,NewsFeed,0,2630842499,682722467488501760,http://twitter.com/DailySanDiego/statuses/682722467488501760,,,
724666,2630842499,DAILYSANDIEGO,Donald Trump is not a fan of pump hairspray  #politics,United States,English,1/1/2016 13:24,1/1/2016 13:24,7031,12212,10349,,local,0,NewsFeed,0,2630842499,682915370882080771,http://twitter.com/DailySanDiego/statuses/682915370882080771,,,
724667,2630842499,DAILYSANDIEGO,#politics New Law Aims to Regulate Medical Marijuana Industry,United States,English,1/1/2016 14:08,1/1/2016 14:08,7031,12212,10350,,local,0,NewsFeed,0,2630842499,682926278786170881,http://twitter.com/DailySanDiego/statuses/682926278786170881,,,
724668,2630842499,DAILYSANDIEGO,Jeff gets rolling for first day at auto show  #local #SanDiego,United States,English,1/1/2016 14:41,1/1/2016 14:41,7031,12212,10351,,local,0,NewsFeed,0,2630842499,682934730220687362,http://twitter.com/DailySanDiego/statuses/682934730220687362,,,
724669,2630842499,DAILYSANDIEGO,George Lucas apologizes for calling Disney 'white slavers'  #business,United States,English,1/1/2016 14:53,1/1/2016 14:54,7031,12212,10352,,local,0,NewsFeed,0,2630842499,682937817580699648,http://twitter.com/DailySanDiego/statuses/682937817580699648,,,
724670,2630842499,DAILYSANDIEGO,"Despite fears and huge Dubai fire, New Year revelry rolls on  #politics",United States,English,1/1/2016 15:01,1/1/2016 15:01,7031,12212,10353,,local,0,NewsFeed,0,2630842499,682939704933654529,http://twitter.com/DailySanDiego/statuses/682939704933654529,,,
724671,2630842499,DAILYSANDIEGO,Apple agrees to pay $350 million in Italian tax case  #business,United States,English,1/1/2016 16:26,1/1/2016 16:26,7031,12213,10354,,local,0,NewsFeed,0,2630842499,682961093916884992,http://twitter.com/DailySanDiego/statuses/682961093916884992,,,
724672,2630842499,DAILYSANDIEGO,Obama says he'll meet with attorney general on gun options  #politics,United States,English,1/1/2016 16:33,1/1/2016 16:33,7031,12213,10355,,local,0,NewsFeed,0,2630842499,682962909610151936,http://twitter.com/DailySanDiego/statuses/682962909610151936,,,
724673,2630842499,DAILYSANDIEGO,A port for all  #local #news,United States,English,1/1/2016 16:54,1/1/2016 16:55,7031,12212,10356,,local,0,NewsFeed,0,2630842499,682968260178886656,http://twitter.com/DailySanDiego/statuses/682968260178886656,,,
724674,2630842499,DAILYSANDIEGO,San Diego International Auto Show runs through Sunday  #local #SanDiego,United States,English,1/1/2016 17:48,1/1/2016 17:48,7031,12212,10357,,local,0,NewsFeed,0,2630842499,682981729414467586,http://twitter.com/DailySanDiego/statuses/682981729414467586,,,
724675,2630842499,DAILYSANDIEGO,"New laws in 2016 show states are diverging on guns, voting  #politics",United States,English,1/1/2016 18:13,1/1/2016 18:13,7031,12212,10358,,local,0,NewsFeed,0,2630842499,682988055607644161,http://twitter.com/DailySanDiego/statuses/682988055607644161,,,
724676,2630842499,DAILYSANDIEGO,New Year's Day closures around San Diego County  #local #SanDiego,United States,English,1/1/2016 19:17,1/1/2016 19:17,7031,12213,10359,,local,0,NewsFeed,0,2630842499,683004025814433792,http://twitter.com/DailySanDiego/statuses/683004025814433792,,,
724677,2630842499,DAILYSANDIEGO,Obama-Seinfeld show: 'Comedians in Cars Getting Coffee' airs  #politics,United States,English,1/1/2016 19:52,1/1/2016 19:52,7031,12213,10360,,local,0,NewsFeed,0,2630842499,683012820439404544,http://twitter.com/DailySanDiego/statuses/683012820439404544,,,
724678,2630842499,DAILYSANDIEGO,#politics New Law Aims to Regulate Medical Marijuana Industry,United States,English,1/1/2016 1:10,1/1/2016 1:10,7034,12205,10342,,local,0,NewsFeed,0,2630842499,682730675577815044,http://twitter.com/DailySanDiego/statuses/682730675577815044,,,
724679,2630842499,DAILYSANDIEGO,George Lucas apologizes for calling Disney 'white slavers'  #business,United States,English,1/1/2016 1:39,1/1/2016 1:39,7034,12206,10343,,local,0,NewsFeed,0,2630842499,682737821619113985,http://twitter.com/DailySanDiego/statuses/682737821619113985,,,
724680,2630842499,DAILYSANDIEGO,Law enforcement cracking down on drunk driving during New Year's  #local #SanDiego,United States,English,1/1/2016 1:46,1/1/2016 1:46,7034,12206,10344,,local,0,NewsFeed,0,2630842499,682739628068093952,http://twitter.com/DailySanDiego/statuses/682739628068093952,,,
724681,2630842499,DAILYSANDIEGO,AP-NORC Poll: Online surveillance is OK for most  #politics,United States,English,1/1/2016 1:49,1/1/2016 1:49,7034,12206,10345,,local,0,NewsFeed,0,2630842499,682740288125702144,http://twitter.com/DailySanDiego/statuses/682740288125702144,,,
724682,2630842499,DAILYSANDIEGO,Mira Mesa High School marching band in Rose Parade  #local #SanDiego,United States,English,1/1/2016 20:53,1/1/2016 20:53,7031,12214,10361,,local,0,NewsFeed,0,2630842499,683028301238013953,http://twitter.com/DailySanDiego/statuses/683028301238013953,,,
724683,2630842499,DAILYSANDIEGO,Police: Man admits to killing wife in their El Cajon home  #local #SanDiego,United States,English,1/1/2016 22:26,1/1/2016 22:26,7031,12214,10362,,local,0,NewsFeed,0,2630842499,683051730846662656,http://twitter.com/DailySanDiego/statuses/683051730846662656,,,
724684,2630842499,DAILYSANDIEGO,AP EXPLAINS: How much money you just saved on gas in 2015  #business,United States,English,1/1/2016 22:49,1/1/2016 22:51,7031,12213,10363,,local,0,NewsFeed,0,2630842499,683057551915655168,http://twitter.com/DailySanDiego/statuses/683057551915655168,,,
724685,2630842499,DAILYSANDIEGO,#politics Skywriters Scold 'Disgusting' Donald Trump Over LA,United States,English,1/1/2016 23:42,1/1/2016 23:42,7031,12213,10364,,local,0,NewsFeed,0,2630842499,683070747196043264,http://twitter.com/DailySanDiego/statuses/683070747196043264,,,
724686,2630842499,DAILYSANDIEGO,Jeff gets rolling for first day at auto show  #local #SanDiego,United States,English,1/1/2016 2:39,1/1/2016 2:39,7034,12206,10346,,local,0,NewsFeed,0,2630842499,682752862003187713,http://twitter.com/DailySanDiego/statuses/682752862003187713,,,
724687,2630842499,DAILYSANDIEGO,AP EXPLAINS: How much money you just saved on gas in 2015  #business,United States,English,1/1/2016 5:06,1/1/2016 5:06,7033,12209,10347,,local,0,NewsFeed,0,2630842499,682789904456101888,http://twitter.com/DailySanDiego/statuses/682789904456101888,,,
724688,2630842499,DAILYSANDIEGO,Q&A: A look at how the federal law regards hate speech  #politics,United States,English,1/1/2016 8:59,1/1/2016 8:59,7032,12211,10348,,local,0,NewsFeed,0,2630842499,682848653178830848,http://twitter.com/DailySanDiego/statuses/682848653178830848,,,
739046,2495567768,DAILYSANFRAN,New Year’s Eve: KRON4 is your party central for the biggest celebration of the year  #news,United States,English,1/1/2016 0:24,1/1/2016 0:24,5258,13459,20173,,local,0,NewsFeed,0,2495567768,682719029375545344,http://twitter.com/DailySanFran/statuses/682719029375545344,,,
739047,2495567768,DAILYSANFRAN,First Bay Area baby of 2016 arrives at stroke of midnight  #news,United States,English,1/1/2016 12:25,1/1/2016 12:25,5255,13458,20196,,local,0,NewsFeed,0,2495567768,682900541295341572,http://twitter.com/DailySanFran/statuses/682900541295341572,,,
739048,2495567768,DAILYSANFRAN,Obama says he'll meet with attorney general on gun options  #politics,United States,English,1/1/2016 12:49,1/1/2016 12:49,5255,13458,20197,,local,0,NewsFeed,0,2495567768,682906471609184257,http://twitter.com/DailySanFran/statuses/682906471609184257,,,
739049,2495567768,DAILYSANFRAN,"Police reviewing use of force policies, meeting with black community leaders after Mario Woods shooting  #news",United States,English,1/1/2016 13:55,1/1/2016 13:55,5255,13459,20199,,local,0,NewsFeed,0,2495567768,682923161227149312,http://twitter.com/DailySanFran/statuses/682923161227149312,,,
739050,2495567768,DAILYSANFRAN,Obama says he’ll meet with attorney general on gun options  #news,United States,English,1/1/2016 14:34,1/1/2016 14:35,5255,13459,20200,,local,0,NewsFeed,0,2495567768,682933035856052225,http://twitter.com/DailySanFran/statuses/682933035856052225,,,
739051,2495567768,DAILYSANFRAN,New Year’s Eve skyscraper fire in Dubai smolders into 2016  #news,United States,English,1/1/2016 14:41,1/1/2016 14:41,5255,13459,20201,,local,0,NewsFeed,0,2495567768,682934618983563264,http://twitter.com/DailySanFran/statuses/682934618983563264,,,
739052,2495567768,DAILYSANFRAN,MTC unveils new collectible Clipper cards in honor of Super Bowl 50  #news,United States,English,1/1/2016 14:47,1/1/2016 14:50,5255,13459,20202,,local,0,NewsFeed,0,2495567768,682936213548843008,http://twitter.com/DailySanFran/statuses/682936213548843008,,,
739053,2495567768,DAILYSANFRAN,Trump : ‘I have a very big lead and I intend to keep it”  #news,United States,English,1/1/2016 14:58,1/1/2016 14:58,5255,13459,20203,,local,0,NewsFeed,0,2495567768,682938949296259072,http://twitter.com/DailySanFran/statuses/682938949296259072,,,
739054,2495567768,DAILYSANFRAN,Presidential candidates differ on border wall with Mexico  #news,United States,English,1/1/2016 15:10,1/1/2016 15:10,5255,13459,20204,,local,0,NewsFeed,0,2495567768,682941955332935680,http://twitter.com/DailySanFran/statuses/682941955332935680,,,
739055,2495567768,DAILYSANFRAN,Camille Cosby ordered to give deposition in case against husband Bill  #news,United States,English,1/1/2016 15:13,1/1/2016 15:13,5255,13459,20205,,local,0,NewsFeed,0,2495567768,682942743652380672,http://twitter.com/DailySanFran/statuses/682942743652380672,,,
739056,2495567768,DAILYSANFRAN,Rose Parade to see ‘unprecedented’ amount of security  #news,United States,English,1/1/2016 15:43,1/1/2016 15:43,5255,13459,20207,,local,0,NewsFeed,0,2495567768,682950279684206593,http://twitter.com/DailySanFran/statuses/682950279684206593,,,
739057,2495567768,DAILYSANFRAN,"New laws in 2016 show states are diverging on guns, voting  #news",United States,English,1/1/2016 16:47,1/1/2016 16:49,5255,13459,20209,,local,0,NewsFeed,0,2495567768,682966426458566657,http://twitter.com/DailySanFran/statuses/682966426458566657,,,
739058,2495567768,DAILYSANFRAN,"Natalie Cole, daughter of jazz great Nat “King” Cole who carried on his legacy, has died  #news",United States,English,1/1/2016 17:13,1/1/2016 17:13,5255,13458,20210,,local,0,NewsFeed,0,2495567768,682972871983890433,http://twitter.com/DailySanFran/statuses/682972871983890433,,,
739059,2495567768,DAILYSANFRAN,Obama explores unilateral steps on guns  #politics,United States,English,1/1/2016 17:40,1/1/2016 17:40,5255,13459,20211,,local,0,NewsFeed,0,2495567768,682979609558663168,http://twitter.com/DailySanFran/statuses/682979609558663168,,,
739060,2495567768,DAILYSANFRAN,Clinton campaign says it raises $37M in fourth quarter  #politics,United States,English,1/1/2016 19:17,1/1/2016 19:17,5255,13459,20213,,local,0,NewsFeed,0,2495567768,683004230043475969,http://twitter.com/DailySanFran/statuses/683004230043475969,,,
739061,2495567768,DAILYSANFRAN,Three suffer graze wounds in two separate shootings  #news,United States,English,1/1/2016 19:43,1/1/2016 19:43,5255,13459,20214,,local,0,NewsFeed,0,2495567768,683010702731165696,http://twitter.com/DailySanFran/statuses/683010702731165696,,,
739062,2495567768,DAILYSANFRAN,San Francisco condor that helped save species returns to wild  #news,United States,English,1/1/2016 19:51,1/1/2016 19:52,5255,13459,20216,,local,0,NewsFeed,0,2495567768,683012814777155585,http://twitter.com/DailySanFran/statuses/683012814777155585,,,
739063,2495567768,DAILYSANFRAN,Tamir Rice protesters want Cleveland prosecutor to step down  #news,United States,English,1/1/2016 19:54,1/1/2016 19:54,5255,13459,20217,,local,0,NewsFeed,0,2495567768,683013480102809600,http://twitter.com/DailySanFran/statuses/683013480102809600,,,
739064,2495567768,DAILYSANFRAN,"New Year’s 2016: ‘Problematic,’ ‘So,’ ‘ secret sauce’ among list of misused and overused words  #news",United States,English,1/1/2016 1:10,1/1/2016 1:10,5256,13458,20174,,local,0,NewsFeed,0,2495567768,682730586079797249,http://twitter.com/DailySanFran/statuses/682730586079797249,,,
739065,2495567768,DAILYSANFRAN,State: Hundreds of old Clinton emails newly classified  #politics,United States,English,1/1/2016 1:22,1/1/2016 1:22,5256,13458,20175,,local,0,NewsFeed,0,2495567768,682733593152458752,http://twitter.com/DailySanFran/statuses/682733593152458752,,,
739066,2495567768,DAILYSANFRAN,"Review: A look back, and a technology wish list for 2016  #news",United States,English,1/1/2016 1:56,1/1/2016 1:56,5256,13457,20176,,local,0,NewsFeed,0,2495567768,682742173142364162,http://twitter.com/DailySanFran/statuses/682742173142364162,,,
739067,2495567768,DAILYSANFRAN,1976 Olympic champion boxer Howard Davis Jr. dies at 59  #news,United States,English,1/1/2016 20:01,1/1/2016 20:01,5255,13459,20218,,local,0,NewsFeed,0,2495567768,683015213726085123,http://twitter.com/DailySanFran/statuses/683015213726085123,,,
739068,2495567768,DAILYSANFRAN,Reaction to the death of Grammy-winning singer Natalie Cole  #news,United States,English,1/1/2016 20:04,1/1/2016 20:04,5255,13459,20219,,local,0,NewsFeed,0,2495567768,683016016352247808,http://twitter.com/DailySanFran/statuses/683016016352247808,,,
739069,2495567768,DAILYSANFRAN,Man attacks soldiers guarding French mosque with his car  #news,United States,English,1/1/2016 20:06,1/1/2016 20:06,5255,13459,20220,,local,0,NewsFeed,0,2495567768,683016405558509569,http://twitter.com/DailySanFran/statuses/683016405558509569,,,
739070,2495567768,DAILYSANFRAN,Some begin picking up pieces in Missouri after flooding  #news,United States,English,1/1/2016 20:30,1/1/2016 20:30,5255,13459,20221,,local,0,NewsFeed,0,2495567768,683022411030118400,http://twitter.com/DailySanFran/statuses/683022411030118400,,,
739071,2495567768,DAILYSANFRAN,The Latest: Obama starts the new year with golf  #politics,United States,English,1/1/2016 20:54,1/1/2016 20:54,5255,13460,20222,,local,0,NewsFeed,0,2495567768,683028435342508032,http://twitter.com/DailySanFran/statuses/683028435342508032,,,
739072,2495567768,DAILYSANFRAN,Guest lineups for the Sunday news shows  #politics,United States,English,1/1/2016 22:27,1/1/2016 22:27,5255,13461,20223,,local,0,NewsFeed,0,2495567768,683052031540477953,http://twitter.com/DailySanFran/statuses/683052031540477953,,,
739073,2495567768,DAILYSANFRAN,Bay Area Air Quality District issues Spare the Air Alert for Saturday  #news,United States,English,1/1/2016 23:34,1/1/2016 23:34,5255,13461,20224,,local,0,NewsFeed,0,2495567768,683068788393115648,http://twitter.com/DailySanFran/statuses/683068788393115648,,,
739074,2495567768,DAILYSANFRAN,21 achievable New Year’s resolutions for your health  #news,United States,English,1/1/2016 23:49,1/1/2016 23:49,5255,13461,20225,,local,0,NewsFeed,0,2495567768,683072590156447744,http://twitter.com/DailySanFran/statuses/683072590156447744,,,
739075,2495567768,DAILYSANFRAN,"New Year’s 2016: Clear skies in the forecast for Bay Area fireworks tonight, freeze-warning in effect  #news",United States,English,1/1/2016 2:20,1/1/2016 2:20,5256,13457,20177,,local,0,NewsFeed,0,2495567768,682748281340866560,http://twitter.com/DailySanFran/statuses/682748281340866560,,,
739076,2495567768,DAILYSANFRAN,Video: San Leandro police looking for serial robber  #news,United States,English,1/1/2016 2:47,1/1/2016 2:48,5256,13457,20178,,local,0,NewsFeed,0,2495567768,682755098036940800,http://twitter.com/DailySanFran/statuses/682755098036940800,,,
739077,2495567768,DAILYSANFRAN,"Klay Thompson scores 38 points, Golden State Warriors beat Houston Rockets 114-110  #news",United States,English,1/1/2016 2:55,1/1/2016 2:56,5256,13457,20179,,local,0,NewsFeed,0,2495567768,682757125945180161,http://twitter.com/DailySanFran/statuses/682757125945180161,,,
739078,2495567768,DAILYSANFRAN,Dungeness crab health advisory lifted along some parts of Central Coast  #news,United States,English,1/1/2016 3:17,1/1/2016 3:17,5256,13457,20181,,local,0,NewsFeed,0,2495567768,682762538975498242,http://twitter.com/DailySanFran/statuses/682762538975498242,,,
739079,2495567768,DAILYSANFRAN,Elderly man missing after failing to arrive at appointment in San Jose  #news,United States,English,1/1/2016 3:22,1/1/2016 3:22,5256,13457,20182,,local,0,NewsFeed,0,2495567768,682763860458090496,http://twitter.com/DailySanFran/statuses/682763860458090496,,,
739080,2495567768,DAILYSANFRAN,"Video: Another hoverboard fire reported Wednesday, this time in Los Angeles  #news",United States,English,1/1/2016 4:08,1/1/2016 4:09,5256,13459,20182,,local,0,NewsFeed,0,2495567768,682775500259901441,http://twitter.com/DailySanFran/statuses/682775500259901441,,,
739081,2495567768,DAILYSANFRAN,New Year’s 2016: Video – The top 10 entertainment moments of 2015  #news,United States,English,1/1/2016 4:34,1/1/2016 4:34,5256,13459,20183,,local,0,NewsFeed,0,2495567768,682781965150326785,http://twitter.com/DailySanFran/statuses/682781965150326785,,,
739082,2495567768,DAILYSANFRAN,The Latest: Obama returns to vacation home after golf  #politics,United States,English,1/1/2016 4:49,1/1/2016 4:49,5256,13459,20184,,local,0,NewsFeed,0,2495567768,682785776740925440,http://twitter.com/DailySanFran/statuses/682785776740925440,,,
739083,2495567768,DAILYSANFRAN,Uber: Expect higher prices on New Year’s Eve  #news,United States,English,1/1/2016 4:54,1/1/2016 4:54,5256,13459,20185,,local,0,NewsFeed,0,2495567768,682786855511707648,http://twitter.com/DailySanFran/statuses/682786855511707648,,,
739084,2495567768,DAILYSANFRAN,Uber hits 1 billion rides  #news,United States,English,1/1/2016 4:59,1/1/2016 5:00,5256,13459,20186,,local,0,NewsFeed,0,2495567768,682788280736169984,http://twitter.com/DailySanFran/statuses/682788280736169984,,,
739085,2495567768,DAILYSANFRAN,Throngs usher in 2016 at bash in New York’s Times Square  #news,United States,English,1/1/2016 5:09,1/1/2016 5:09,5256,13459,20187,,local,0,NewsFeed,0,2495567768,682790783074709504,http://twitter.com/DailySanFran/statuses/682790783074709504,,,
739086,2495567768,DAILYSANFRAN,Video: Santa Clara firefighter arrested in connection to killing dog in Napa  #news,United States,English,1/1/2016 5:38,1/1/2016 5:38,5256,13459,20188,,local,0,NewsFeed,0,2495567768,682798022187597824,http://twitter.com/DailySanFran/statuses/682798022187597824,,,
739087,2495567768,DAILYSANFRAN,San Francisco police investigating shooting outside police station  #news,United States,English,1/1/2016 5:51,1/1/2016 5:51,5256,13459,20189,,local,0,NewsFeed,0,2495567768,682801295099465729,http://twitter.com/DailySanFran/statuses/682801295099465729,,,
739088,2495567768,DAILYSANFRAN,"Trump : 'I have a very big lead and I intend to keep it""  #politics",United States,English,1/1/2016 6:00,1/1/2016 6:00,5256,13459,20190,,local,0,NewsFeed,0,2495567768,682803456290103296,http://twitter.com/DailySanFran/statuses/682803456290103296,,,
739089,2495567768,DAILYSANFRAN,Video: Suspects steal multiple cars from car dealership’s service in San Francisco  #news,United States,English,1/1/2016 6:05,1/1/2016 6:06,5256,13459,20191,,local,0,NewsFeed,0,2495567768,682804908668522496,http://twitter.com/DailySanFran/statuses/682804908668522496,,,
739090,2495567768,DAILYSANFRAN,"New Year’s Eve 2015: Photos, tweets, reaction  #news",United States,English,1/1/2016 6:29,1/1/2016 6:29,5256,13459,20192,,local,0,NewsFeed,0,2495567768,682810765431050240,http://twitter.com/DailySanFran/statuses/682810765431050240,,,
739091,2495567768,DAILYSANFRAN,KRON 2015 Favorite: Inside the cockpit with the Blue Angels  #news,United States,English,1/1/2016 7:03,1/1/2016 7:03,5256,13459,20193,,local,0,NewsFeed,0,2495567768,682819377977151488,http://twitter.com/DailySanFran/statuses/682819377977151488,,,
739092,2495567768,DAILYSANFRAN,Dine and Dish: Great champagne for under $20  #news,United States,English,1/1/2016 7:14,1/1/2016 7:14,5256,13459,20194,,local,0,NewsFeed,0,2495567768,682822073824063490,http://twitter.com/DailySanFran/statuses/682822073824063490,,,
739093,2495567768,DAILYSANFRAN,"New Year’s 2016: San Francisco fireworks show, countdown  #news",United States,English,1/1/2016 9:19,1/1/2016 9:20,5255,13458,20195,,local,0,NewsFeed,0,2495567768,682853761966968832,http://twitter.com/DailySanFran/statuses/682853761966968832,,,
774389,1660186831,ADRGREERR,"Gospel music--shit, maybe music in general--wouldn't be the genius that it is without the blaqueer imagination.",United States,English,1/1/2016 18:45,1/1/2016 18:45,391,189,613,RETWEET,Left,1,LeftTroll,0,1660186831,682996068217274368,http://twitter.com/AdrGreerr/statuses/682996068217274368,,,
774390,1660186831,ADRGREERR,"If Kim Kardashian is Kanye West's musical muse, our ears are doomed.",United States,English,1/1/2016 18:45,1/1/2016 18:45,391,189,614,RETWEET,Left,1,LeftTroll,0,1660186831,682996095576756224,http://twitter.com/AdrGreerr/statuses/682996095576756224,,,
774391,1660186831,ADRGREERR,My best RTs this week came from: @MichaelAWoodJr @HommedePaix1 @UTZAAKE @dierdrelewis #thankSAll Who were yours? https://t.co/OevLn6o0Uq,United States,English,1/1/2016 18:45,1/1/2016 18:45,391,189,615,RETWEET,Left,1,LeftTroll,0,1660186831,682996124790083584,http://twitter.com/AdrGreerr/statuses/682996124790083584,http://sumall.com/thankyou,,
798913,1652987412,ALECMOOOOODY,"Pusha T's first act as GOOD Music president should be hanging out with Kanye in the studio and telling him ""Nope.""",United States,English,1/1/2016 18:30,1/1/2016 18:30,457,181,650,RETWEET,Left,1,LeftTroll,0,1652987412,682992361891205121,http://twitter.com/AlecMooooody/statuses/682992361891205121,,,
923659,1652262638,ANTONHAYHAY,None you weirdo RT @liddozulux: Whos your future daughter https://t.co/obwYa04rTL,United States,English,1/1/2016 18:32,1/1/2016 18:32,397,189,518,RETWEET,Left,1,LeftTroll,0,1652262638,682992858119405569,http://twitter.com/AntonHayHay/statuses/682992858119405569,https://twitter.com/liddozulux/status/682732968599670784/photo/1,,
923660,1652262638,ANTONHAYHAY,James Surowiecki selects the five most important business stories of 2015: https://t.co/mQqCQqEh5J,United States,English,1/1/2016 18:32,1/1/2016 18:32,397,189,520,RETWEET,Left,1,LeftTroll,0,1652262638,682992908174278656,http://twitter.com/AntonHayHay/statuses/682992908174278656,http://nyer.cm/i8v462J,,
974135,2944766250,ATLANTA_ONLINE,Women Accused of Stealing in Front of Kids https://t.co/I0Fs26aX93 \| https://t.co/1KPXto2HfW https://t.co/7rxYZHz1xr,United States,English,1/1/2016 0:21,1/1/2016 0:21,10376,14655,7304,,local,0,NewsFeed,0,2944766250,682718274019196932,http://twitter.com/Atlanta_Online/statuses/682718274019196932,https://twitter.com/Atlanta_Online/status/682718274019196932/photo/1,https://twibble.io,http://twib.in/l/EeKdB6rBro7
974136,2944766250,ATLANTA_ONLINE,"Clemson, Alabama are last teams standing in college football https://t.co/m3lTXl8T6e \| https://t.co/1KPXto2HfW https://t.co/XQ6tfyXgVH",United States,English,1/1/2016 10:28,1/1/2016 10:28,10373,14657,7308,,local,0,NewsFeed,0,2944766250,682870951411761152,http://twitter.com/Atlanta_Online/statuses/682870951411761152,https://twitter.com/Atlanta_Online/status/682870951411761152/photo/1,https://twibble.io,http://twib.in/l/jB68o8GpjA8
974137,2944766250,ATLANTA_ONLINE,Two injured at New Year's Eve party in SW Atlanta https://t.co/iJ8U4aXzAu \| https://t.co/1KPXto2HfW https://t.co/qVaXmo4N15,United States,English,1/1/2016 10:40,1/1/2016 10:40,10373,14658,7309,,local,0,NewsFeed,0,2944766250,682874117435990016,http://twitter.com/Atlanta_Online/statuses/682874117435990016,https://twitter.com/Atlanta_Online/status/682874117435990016/photo/1,https://twibble.io,http://twib.in/l/RxMEE5yjb9n
974138,2944766250,ATLANTA_ONLINE,"Nadine, most human-like robot in the world https://t.co/C6oB8CasBS \| https://t.co/1KPXto2HfW https://t.co/i50DD1UAij",United States,English,1/1/2016 13:38,1/1/2016 13:38,10373,14659,7310,,local,0,NewsFeed,0,2944766250,682918853484019713,http://twitter.com/Atlanta_Online/statuses/682918853484019713,https://twitter.com/Atlanta_Online/status/682918853484019713/photo/1,https://twibble.io,http://twib.in/l/xMBnk4RMMpq
974139,2944766250,ATLANTA_ONLINE,Three shot at New Year's parties https://t.co/uENnhaD0i6 \| https://t.co/1KPXto2HfW,United States,English,1/1/2016 15:31,1/1/2016 15:31,10374,14661,7311,,local,0,NewsFeed,0,2944766250,682947249639313408,http://twitter.com/Atlanta_Online/statuses/682947249639313408,https://twibble.io,http://twib.in/l/XXL4AzLB4kA,
974140,2944766250,ATLANTA_ONLINE,"Wayne Rogers, Trapper John on 'M.A.S.H.,' dies at 82 https://t.co/OT10LxbSwF \| https://t.co/1KPXtnL6oo https://t.co/yYGSnQY32Q",United States,English,1/1/2016 16:09,1/1/2016 16:09,10375,14662,7312,,local,0,NewsFeed,0,2944766250,682956910887317504,http://twitter.com/Atlanta_Online/statuses/682956910887317504,https://twitter.com/Atlanta_Online/status/682956910887317504/photo/1,https://twibble.io,http://twib.in/l/y6ag4q5GXXE
974141,2944766250,ATLANTA_ONLINE,Man crushed by elevator after saving woman https://t.co/bkDXLOOOKa \| https://t.co/1KPXto2HfW https://t.co/YbgGg6SlGM,United States,English,1/1/2016 16:36,1/1/2016 16:36,10375,14662,7313,,local,0,NewsFeed,0,2944766250,682963620527869953,http://twitter.com/Atlanta_Online/statuses/682963620527869953,https://twitter.com/Atlanta_Online/status/682963620527869953/photo/1,https://twibble.io,http://twib.in/l/58eGA9pgpqG
974142,2944766250,ATLANTA_ONLINE,Man killed by hit-and-run driver on I-20 https://t.co/vqrPsXoUlN \| https://t.co/1KPXto2HfW,United States,English,1/1/2016 17:01,1/1/2016 17:01,10375,14662,7314,,local,0,NewsFeed,0,2944766250,682969941377564673,http://twitter.com/Atlanta_Online/statuses/682969941377564673,https://twibble.io,http://twib.in/l/dLAG9LXKGaR,
974143,2944766250,ATLANTA_ONLINE,VIDEO: How Do You Handle a Teething Polar Bear? https://t.co/znmGfNRABX \| https://t.co/1KPXto2HfW https://t.co/iCXzA90VzE,United States,English,1/1/2016 17:09,1/1/2016 17:09,10375,14662,7315,,local,0,NewsFeed,0,2944766250,682971943025246209,http://twitter.com/Atlanta_Online/statuses/682971943025246209,https://twitter.com/Atlanta_Online/status/682971943025246209/photo/1,https://twibble.io,http://twib.in/l/6dA6nkkxgj5
974144,2944766250,ATLANTA_ONLINE,How about Starting Off 2016 with $130 Million? https://t.co/1csIDZI3s8 \| https://t.co/1KPXto2HfW https://t.co/ClsipZjoNm,United States,English,1/1/2016 17:39,1/1/2016 17:39,10375,14662,7316,,local,0,NewsFeed,0,2944766250,682979421733584899,http://twitter.com/Atlanta_Online/statuses/682979421733584899,https://twitter.com/Atlanta_Online/status/682979421733584899/photo/1,https://twibble.io,http://twib.in/l/y6a5r69yneg
974145,2944766250,ATLANTA_ONLINE,Metro Atlanta's First Baby of the New Year https://t.co/N3439IkFKF \| https://t.co/1KPXto2HfW https://t.co/lKyV7c2zHO,United States,English,1/1/2016 18:38,1/1/2016 18:38,10375,14662,7317,,local,0,NewsFeed,0,2944766250,682994358124060672,http://twitter.com/Atlanta_Online/statuses/682994358124060672,https://twitter.com/Atlanta_Online/status/682994358124060672/photo/1,https://twibble.io,http://twib.in/l/KgoBAdGK8Lz
974146,2944766250,ATLANTA_ONLINE,Mississippi Councilman Upset over Police Chases https://t.co/6mWmAH8SvM \| https://t.co/1KPXto2HfW https://t.co/soXxr1Lv1S,United States,English,1/1/2016 19:09,1/1/2016 19:10,10375,14662,7318,,local,0,NewsFeed,0,2944766250,683002209995329536,http://twitter.com/Atlanta_Online/statuses/683002209995329536,https://twitter.com/Atlanta_Online/status/683002209995329536/photo/1,https://twibble.io,http://twib.in/l/q8eXBkgR4ey
974147,2944766250,ATLANTA_ONLINE,NW Georgia mother arrested after 17-month-old found dead in bed https://t.co/XgcnNU3I6a \| https://t.co/1KPXto2HfW,United States,English,1/1/2016 1:41,1/1/2016 1:43,10376,14656,7305,,local,0,NewsFeed,0,2944766250,682738441897906176,http://twitter.com/Atlanta_Online/statuses/682738441897906176,https://twibble.io,http://twib.in/l/58ALzMqgrMB,
974148,2944766250,ATLANTA_ONLINE,Conyers Cell Phone Crooks Believed Connected to Similar Crimes https://t.co/rsGctqCswU \| https://t.co/1KPXto2HfW https://t.co/lHpRv2uTZL,United States,English,1/1/2016 20:08,1/1/2016 20:08,10375,14662,7319,,local,0,NewsFeed,0,2944766250,683016867322052610,http://twitter.com/Atlanta_Online/statuses/683016867322052610,https://twitter.com/Atlanta_Online/status/683016867322052610/photo/1,https://twibble.io,http://twib.in/l/96bnjRMMebd
974149,2944766250,ATLANTA_ONLINE,Polar Bear Plunge 2016 https://t.co/7qiXWWbnHL \| https://t.co/1KPXto2HfW https://t.co/jwMHcnIjOt,United States,English,1/1/2016 21:10,1/1/2016 21:10,10375,14662,7320,,local,0,NewsFeed,0,2944766250,683032454265847808,http://twitter.com/Atlanta_Online/statuses/683032454265847808,https://twitter.com/Atlanta_Online/status/683032454265847808/photo/1,https://twibble.io,http://twib.in/l/MgodKpBMq67
974150,2944766250,ATLANTA_ONLINE,Man Killed in I-20 Hit and Run https://t.co/8ThVIUO2k0 \| https://t.co/1KPXto2HfW https://t.co/z9rEzRoYbt,United States,English,1/1/2016 22:09,1/1/2016 22:09,10376,14661,7322,,local,0,NewsFeed,0,2944766250,683047352978898944,http://twitter.com/Atlanta_Online/statuses/683047352978898944,https://twitter.com/Atlanta_Online/status/683047352978898944/photo/1,https://twibble.io,http://twib.in/l/dLA8o64A8kb
974151,2944766250,ATLANTA_ONLINE,'In God We Trust' Decals Placed on Lumpkin County Patrol Cars https://t.co/Ko1KpnQr7d \| https://t.co/1KPXto2HfW https://t.co/Pm0urWxTbk,United States,English,1/1/2016 22:35,1/1/2016 22:35,10376,14661,7323,,local,0,NewsFeed,0,2944766250,683053852724101121,http://twitter.com/Atlanta_Online/statuses/683053852724101121,https://twitter.com/Atlanta_Online/status/683053852724101121/photo/1,https://twibble.io,http://twib.in/l/q8eyMon9y9G
974152,2944766250,ATLANTA_ONLINE,Wild police chase stretches from Cobb County to Atlanta https://t.co/9zQ1IbTEPv \| https://t.co/1KPXto2HfW,United States,English,1/1/2016 23:01,1/1/2016 23:02,10340,14661,7324,,local,0,NewsFeed,0,2944766250,683060603838058496,http://twitter.com/Atlanta_Online/statuses/683060603838058496,https://twibble.io,http://twib.in/l/jB6oX4ynej8,
974153,2944766250,ATLANTA_ONLINE,"Unattended hoverboard ignites, sets Georgia Ritz-Carlton room on fire https://t.co/yLq4injyP8 \| https://t.co/1KPXto2HfW",United States,English,1/1/2016 3:02,1/1/2016 3:02,10374,14656,7306,,local,0,NewsFeed,0,2944766250,682758676956889088,http://twitter.com/Atlanta_Online/statuses/682758676956889088,https://twibble.io,http://twib.in/l/96LjBb4bRbd,
974154,2944766250,ATLANTA_ONLINE,"Ruth Butler, 100: Community pillar was devoted to church and family https://t.co/BdngNNwG78 \| https://t.co/1KPXto2HfW",United States,English,1/1/2016 5:31,1/1/2016 5:31,10373,14654,7307,,local,0,NewsFeed,0,2944766250,682796281140363264,http://twitter.com/Atlanta_Online/statuses/682796281140363264,https://twibble.io,http://twib.in/l/XXpazpxG5bo,
